,Uni_Grams,Freq
2,ہے,803
31,میں,600
80,سے,496
58,نہ,394
99,کو,371
41,کہ,330
76,کا,325
230,کے,304
21,نہیں,286
8,و,279
112,کی,268
47,تو,267
137,دل,246
42,کیا,240
330,تھا,213
53,ہو,210
104,ہیں,200
160,وہ,194
268,بھی,191
521,نے,177
210,یہ,172
57,ہوں,158
130,ہم,151
88,جو,149
198,اس,131
177,بے,124
105,پر,112
305,ہوا,110
82,کر,106
37,پہ,100
59,کیوں,98
197,اور,94
72,کوئی,90
237,ہر,87
6,ہوتا,81
270,گیا,79
224,جس,72
138,ہی,69
414,اے,68
24,مجھے,65
404,کچھ,64
301,کس,62
64,پھر,62
873,غالب,61
363,عشق,61
67,گل,60
187,غم,59
374,کہیں,58
291,اگر,56
364,گر,55
262,اب,54
220,خدا,53
190,ایک,53
11,اک,53
741,بہ,51
529,سر,49
491,یا,49
411,میری,48
460,آیا,48
458,مجھ,46
369,ہوئے,46
333,کبھی,45
267,جہاں,43
4,مرے,43
391,نظر,43
271,ہوگا,43
223,وفا,42
654,تھے,42
236,ہائے,41
337,میرے,40
49,رنگ,40
1619,ھے,39
600,خیال,39
1230,پایا,39
44,میرا,39
238,تم,39
107,یوں,38
1150,نکلا,38
316,یار,37
145,گے,37
560,یک,36
390,آتی,35
143,آئے,35
159,جب,35
48,دیکھ,35
36,خاک,35
256,رہا,34
527,تک,33
156,گزر,33
282,لیے,33
7,شب,33
618,آج,33
420,مگر,33
819,کرے,32
209,یاں,31
1730,اسد,31
85,ان,31
141,درد,31
409,یاد,30
152,در,30
183,تیرے,30
116,خوں,30
50,تیرا,30
216,کہاں,30
487,آخر,30
203,اپنے,29
1041,آ,29
16,بات,29
157,غیر,29
348,دوست,28
134,غالبؔ,28
312,تھی,28
45,ترے,28
181,سہی,28
1351,اُس,28
948,دیا,28
427,لیکن,27
431,گا,27
701,شوق,27
344,جگر,27
478,مے,27
358,رہے,27
176,ناز,26
428,کم,26
498,تجھ,26
720,تیری,26
173,جاں,26
453,گھر,26
122,ہاتھ,26
1138,وہی,26
71,دے,25
5,آگے,25
451,ہوئی,25
196,حسن,25
884,چمن,24
147,بار,24
407,ورنہ,23
148,ہمیں,23
97,کام,23
155,رہ,22
23,عالم,22
269,جل,22
397,کسی,22
524,آہ,22
127,دو,22
356,جسے,22
3665,اقبال,22
1115,طرح,21
327,تری,21
214,راہ,21
206,واں,21
525,چاہیے,21
228,جائے,21
395,رات,21
165,آپ,20
304,آرزو,20
671,زخم,20
1454,کئے,20
108,مر,20
1347,سب,20
425,بہت,20
920,اپنی,20
1020,سو,20
605,دیکھا,19
133,راز,19
392,دن,19
118,یہی,19
120,ابھی,19
125,دم,19
931,مری,19
859,قدر,19
692,جنوں,19
52,کہتے,19
519,کرتا,19
2020,گئیں,19
971,باقی,19
1077,لب,19
113,تمنا,19
55,خود,18
472,ستم,18
1125,زندگی,18
479,خانہ,18
571,شمع,18
200,گئی,18
1556,کریں,18
2512,سمجھا,18
1525,ساتھ,18
3,دنیا,18
217,بزم,18
799,بہار,18
376,اسے,18
1127,لگا,17
387,بادہ,17
682,لے,17
786,پسند,17
169,منہ,17
1086,حق,17
167,سوز,17
544,تا,17
476,اسی,17
347,بنے,17
119,آتا,17
1040,خواب,17
10,تماشا,17
96,مرا,16
357,سمجھ,16
191,موت,16
1949,غمِ,16
142,بھر,16
681,اپنا,16
322,جان,16
43,حال,16
578,رب,16
568,اسدؔ,16
773,نگاہ,16
1124,مرد,16
299,رہی,16
1529,تن,16
576,کھلا,16
1606,دیکھتے,16
232,کون,16
659,آئینہ,15
461,زمانہ,15
430,قاتل,15
809,نفس,15
547,گی,15
1458,پهر,15
2402,چلے,15
335,سکتا,15
471,تیغ,15
382,ترا,15
883,قدم,15
531,موج,15
1608,آئیں,15
1005,دی,14
999,لیا,14
882,نقش,14
452,صبح,14
488,دوا,14
540,طلب,14
2395,مقام,14
424,نکلے,14
40,پوچھ,14
473,محبت,14
906,وحشت,14
693,وقت,14
146,ہزار,14
553,جائیں,14
545,قیامت,14
1455,جوشِ,14
66,انداز,14
696,بیاباں,14
70,رکھ,14
413,داغ,13
1193,آتش,13
838,ساقی,13
750,باد,13
410,کرتے,13
211,حجاب,13
1592,روشن,13
435,عمر,13
20,نام,13
1136,جاتی,13
802,تیز,13
653,آب,13
683,گئے,13
950,بنا,13
33,ہوتے,13
398,جانتا,12
350,چارہ,12
533,صد,12
416,خبر,12
499,بن,12
1102,آساں,12
569,مرگ,12
1094,مشکل,12
1157,حسرت,12
504,لوگ,12
103,خوش,12
1418,اہلِ,12
1215,رو,12
38,دریا,12
753,نالہ,12
954,زباں,12
871,گم,12
186,بند,12
32,صحرا,12
100,برا,12
779,ذوق,12
1495,لالہ,12
1043,معلوم,12
1315,دست,12
250,وگرنہ,12
1147,آزاد,12
212,پاس,12
904,پیدا,12
641,دار,12
1421,از,11
2192,پانو,11
1134,فرد,11
3379,یہاں,11
901,گریباں,11
341,کش,11
405,ایسی,11
3218,سکا,11
1334,ایسے,11
319,انتظار,11
351,ساز,11
3710,فقط,11
861,محفل,11
858,چراغاں,11
608,کہا,11
384,تجھے,11
1364,بندہ,11
2006,مستی,11
512,سا,11
817,باز,11
139,سنگ,11
551,تغافل,11
136,اچھا,11
949,لگے,11
1250,دماغ,11
1249,پا,11
456,دور,11
249,سخن,11
1241,آزما,11
991,مژگاں,10
632,قطرہ,10
557,فنا,10
349,ناصح,10
1264,فکر,10
110,آئی,10
526,اثر,10
1036,زنداں,10
585,گویا,10
258,لہو,10
1114,جا,10
2685,ذرا,10
1607,صبا,10
844,بس,10
832,الفت,10
510,نگہ,10
821,ہنوز,10
260,ہمارے,10
796,نوا,10
467,داد,10
927,فلک,10
462,جام,10
649,دشت,10
79,رشک,10
916,آسماں,10
1543,کیے,10
563,ہستی,10
310,شہر,10
684,صاحب,10
830,نا,10
313,ہماری,10
331,عہد,10
482,اتنا,10
497,مدعا,9
1267,زنجیر,9
1232,مزا,9
434,تر,9
1144,کفن,9
78,گزرے,9
9,روز,9
1234,دشمن,9
121,گو,9
128,ساغر,9
1583,چشمِ,9
1308,پرواز,9
389,بر,9
477,کافر,9
2295,دمِ,9
464,جن,9
1148,رقیب,9
1211,اہل,9
1075,کیجے,9
1585,سرِ,9
2390,جہان,9
564,غافل,9
646,ہوائے,9
670,جلوۂ,9
302,امید,9
635,حساب,9
1182,کب,9
1488,ویراں,9
543,خون,9
2748,ھوں,9
1523,اشک,9
3291,یارو,9
562,فرصت,9
1411,ملے,9
288,بو,9
340,نیم,9
1660,فطرت,9
1074,شکایت,9
367,بلا,9
515,بھلا,9
801,سوئے,9
797,پردہ,9
597,پاؤں,9
168,پردے,9
1498,چاہتا,9
778,تنگ,9
1931,سرور,9
1050,پریشاں,9
314,قسمت,9
629,رہیں,8
580,گوہر,8
634,پڑا,8
3298,فیضؔ,8
1173,دیدار,8
1236,سادگی,8
450,خط,8
652,جوہر,8
1168,طوفاں,8
811,بسکہ,8
469,زیادہ,8
2477,خار,8
514,ابر,8
517,صدا,8
790,جلوہ,8
787,عدم,8
771,سخت,8
1405,بلند,8
1189,خراب,8
485,جاتا,8
1557,رکھتے,8
1555,گزری,8
537,گہر,8
890,زمیں,8
1553,دیوار,8
542,کروں,8
1441,بعد,8
1456,بزمِ,8
2408,مدت,8
1303,دیدہ,8
810,گداز,8
2147,حسرتِ,8
1286,شام,8
677,دہر,8
2348,ملا,8
279,آنکھ,8
360,اگرچہ,8
39,مت,8
295,شیشہ,8
339,تیر,8
1602,ذوقِ,8
151,حرم,8
62,آئنہ,8
244,ادا,8
1855,گلشن,8
418,مرنے,8
219,ہاں,8
1160,لذت,8
1657,دلِ,8
1906,نقشِ,8
290,شراب,8
226,عزیز,8
229,خستہ,8
166,نظارہ,8
234,زار,8
1122,نبرد,8
184,قید,8
1706,لا,8
1597,موجِ,8
1152,تصویر,8
19,جز,8
182,سامنے,8
192,پہلے,8
1197,لگی,7
842,ساحل,7
124,آنکھوں,7
189,دونوں,7
520,دعا,7
846,بسمل,7
1381,جزا,7
193,آدمی,7
135,کہو,7
3179,حضور,7
117,کاش,7
365,روزگار,7
1052,تسلی,7
1419,یقیں,7
2746,جدا,7
835,حاصل,7
274,جستجو,7
2921,کيا,7
780,عیش,7
713,شاید,7
1153,عریاں,7
326,اعتبار,7
3353,چکا,7
1633,ھیں,7
2247,سکتے,7
180,رخ,7
338,پوچھے,7
109,جاتے,7
1371,علی,7
185,حیات,7
722,منتظر,7
818,کاوش,7
704,کوہ,7
762,مہ,7
822,ناخن,7
530,دام,7
1504,بام,7
2631,دیتا,7
947,بیاں,7
30,گرد,7
937,خس,7
1096,کف,7
2487,رہگزر,7
1238,خودی,7
2546,سنا,7
1242,یعنی,7
508,زلف,7
433,چشم,7
960,دیں,7
985,باغ,7
415,وہاں,7
29,نہاں,7
1104,ہمارا,7
609,کہہ,7
1098,فیض,7
973,بحر,7
1258,وا,7
3062,نماز,7
601,عمل,7
1233,پائی,7
1311,قتل,7
2052,سن,7
1740,جنبشِ,7
1327,کشِ,7
241,شعلہ,7
1063,چاہا,7
2849,خالی,7
243,برق,7
3101,چاک,7
896,شور,7
1514,جی,7
246,شوخ,7
3119,مسلماں,7
1139,احباب,7
388,خوار,7
666,غنچہ,7
969,تمام,7
2768,ایسا,6
1055,معنی,6
1069,کرنے,6
1070,گوش,6
3349,کسے,6
3753,اقبالؔ,6
1449,کلام,6
251,خوف,6
655,ہوے,6
2794,ھو,6
1450,غلط,6
1472,خونِ,6
661,غبار,6
3765,افلاک,6
664,قرار,6
1066,راضی,6
1184,ایجاد,6
676,نشاط,6
2438,حرف,6
2177,انجمن,6
1589,محوِ,6
1701,طرف,6
941,اٹھا,6
83,کہوں,6
908,تنہائی,6
2580,آباد,6
914,بیداد,6
1293,شمشیر,6
929,امتحاں,6
1823,یارب,6
1021,ویرانی,6
61,بت,6
1276,جفا,6
91,کعبہ,6
945,غزل,6
961,ملت,6
1812,شعر,6
1141,سکے,6
1252,آشنا,6
2510,کوئے,6
22,صورت,6
1231,زیست,6
1777,برہم,6
895,عرض,6
887,ناک,6
202,شرم,6
1372,شمعِ,6
756,آیا,6
2222,شیریں,6
1719,مثلِ,6
1881,تلک,6
1721,نازک,6
792,خرام,6
795,محرم,6
1132,نسخہ,6
154,بیٹھے,6
150,دیر,6
886,بوئے,6
843,ز,6
1199,بارہا,6
2272,خامشی,6
856,آئینۂ,6
3092,ہونے,6
2664,داغِ,6
870,منزل,6
106,وصل,6
1324,کہنے,6
826,سینہ,6
726,ملک,6
1565,کرم,6
1146,عجب,6
343,ہوتی,6
1510,نو,6
2400,علم,6
1593,بیخودی,6
1647,پیر,6
3609,شاہیں,6
587,گرچہ,6
2081,دیکھنا,6
283,بہشت,6
438,خلد,6
2945,کي,6
483,جانتے,6
311,آبرو,6
432,گردن,6
1972,کہے,6
448,پیچ,6
1580,جلوہٴ,6
2923,ميں,6
3038,نصیب,6
3213,پیار,6
324,جانا,6
421,ہزاروں,6
505,کیسے,6
3712,خاشاک,5
1294,باہر,5
3833,خرد,5
1392,لبِ,5
2238,تاب,5
2717,عذر,5
1128,اڑنے,5
1295,آگہی,5
1839,حریفِ,5
552,کرو,5
2898,جیسے,5
1387,تیغِ,5
3718,ادراک,5
3617,فرنگی,5
757,سویدا,5
2565,حالِ,5
2209,اللہ,5
3015,اندوہِ,5
3382,آشیانہ,5
1053,لفظ,5
938,آشیاں,5
1532,فراق,5
1283,پیرہن,5
1126,کھٹکا,5
1649,زر,5
935,قفس,5
2735,شخص,5
1605,ہجر,5
1410,قضا,5
484,کل,5
2728,مسجد,5
752,گرم,5
65,دیکھیے,5
3721,جذب,5
2560,مکتب,5
1289,شیر,5
3720,مسلمانی,5
2575,کرتی,5
794,سعی,5
783,گاہ,5
2266,فریاد,5
828,سراپا,5
1366,بندوں,5
1630,بلبل,5
1204,گرمی,5
833,عبادت,5
131,پیشہ,5
1987,ذکر,5
1988,آزار,5
129,مینا,5
1135,دریائے,5
1369,جوہرِ,5
126,رہنے,5
522,مانا,5
1352,اِس,5
3855,فقر,5
2667,دینگے,5
855,خانۂ,5
1559,سوزِ,5
111,ہجراں,5
3821,فرنگ,5
352,گسار,5
1207,کار,5
550,سحر,5
84,لو,5
1025,درباں,5
386,سمجھتے,5
325,خوشی,5
2178,ہنگامۂ,5
2317,کتنے,5
798,شکستہ,5
3705,روشنی,5
163,مہر,5
1307,طاؤس,5
805,دراز,5
823,قرض,5
2063,جواب,5
334,توڑ,5
2403,شیخ,5
153,آستاں,5
495,رکھتا,5
1165,دشوار,5
345,پار,5
1866,غریب,5
1985,بہم,5
402,طبیعت,5
1202,عنقا,5
1582,مژگانِ,5
235,کیجیے,5
439,آدم,5
593,پنہاں,5
639,توڑا,5
1689,فردا,5
1505,ہوس,5
1486,صنم,5
1910,سادہ,5
2022,تھیں,5
584,تکلف,5
967,ستارے,5
2434,انسان,5
2335,فائدہ,5
1121,باب,5
441,کوچے,5
691,ضعف,5
1081,حیرت,5
1240,جرأت,5
1179,چھپا,5
2104,دامن,5
3642,تہذیب,5
1670,رنگِ,5
1245,نمک,5
1807,فردوس,5
2509,بھول,5
650,ذرہ,5
1511,بہارِ,5
663,برگ,5
665,جوں,5
1685,طلسم,5
980,عام,5
1661,خیالِ,5
254,عدو,5
403,ادھر,5
672,آشکار,5
25,منظور,5
1265,حلقہ,5
2420,خوب,5
715,پیمانہ,5
2876,پہنچے,5
3607,نشیمن,5
1496,گلستاں,5
3123,سفر,5
213,وضع,5
622,غربت,5
719,جنت,5
3141,بندگی,5
1445,امام,5
3364,شاخ,5
624,نامہ,5
2540,مارے,5
2162,مہرباں,5
3323,اول,5
709,فتنہ,5
248,خو,5
1071,منت,5
294,چار,5
1490,عرضِ,5
292,خم,5
630,واسطے,5
1926,صدف,5
1161,یاروں,5
869,رواں,4
3020,کردار,4
1331,خفا,4
89,کھینچے,4
3539,حدیث,4
1006,زمانے,4
894,آوارۂ,4
1738,خلوت,4
98,مجنوں,4
2305,حقیقت,4
3839,صوفی,4
2937,يہ,4
1009,خانے,4
1142,نورد,4
993,دانہ,4
1030,چراغ,4
93,عاشق,4
1741,شوخیِ,4
1775,مانگ,4
1323,چند,4
1205,دکھاتا,4
502,پری,4
1322,زمین,4
3654,کیفیت,4
1609,قدرت,4
2955,زانو,4
412,آواز,4
1268,پرور,4
4196,قوم,4
2534,ہوش,4
486,ناداں,4
3650,کلی,4
394,نیند,4
1273,کشا,4
1813,احوال,4
2538,زوال,4
952,حسین,4
1106,سیر,4
2281,نیاز,4
3965,بندۂ,4
481,واعظ,4
60,بیٹھا,4
406,چپ,4
946,وسعت,4
3658,بنوں,4
474,فرق,4
1603,کاوشِ,4
2035,مصر,4
1577,ہجومِ,4
1584,ناب,4
2360,مقدر,4
1209,افسردگی,4
1246,چھڑکا,4
1027,گشتہ,4
86,ایماں,4
2351,فضا,4
1219,بیکسی,4
2315,دھرا,4
1811,میر,4
1137,کشمکش,4
977,نکتہ,4
2948,آؤ,4
1844,تماشائے,4
3009,مرگیا,4
1302,موئے,4
1754,ضمیر,4
1570,گریے,4
1016,خرابی,4
1217,صحبت,4
1099,دلی,4
1263,بہا,4
1299,تقریر,4
2424,ازل,4
813,شیشے,4
3442,رسم,4
2789,ظاہر,4
3587,ملی,4
1696,ستمگر,4
231,بغیر,4
689,خطا,4
694,تپش,4
225,دین,4
697,ضرور,4
698,وائے,4
221,پرست,4
1059,دبا,4
293,لوں,4
703,لخت,4
1187,آئینے,4
296,قدح,4
575,دفتر,4
240,گفتگو,4
218,بلائے,4
1651,جنونِ,4
300,طاقت,4
3601,ادب,4
725,حور,4
3747,تقدیر,4
3049,کیلئے,4
1433,سزا,4
306,شہہ,4
567,شرر,4
2189,اٹھتے,4
1704,بہرِ,4
2743,غرض,4
1890,صف,4
1654,رفتہ,4
590,فریب,4
749,مبارک,4
2137,پرویز,4
265,جلا,4
1177,رسوائی,4
1492,عقل,4
626,وطن,4
3612,مکاں,4
1120,دھمکی,4
633,دینا,4
1680,دوں,4
3326,بچا,4
640,تمثال,4
1506,زلفِ,4
642,گلیوں,4
1068,وعدہ,4
647,گزار,4
3771,مومن,4
1175,سینے,4
252,بد,4
607,نقاب,4
3767,حاضر,4
657,دید,4
658,شکار,4
1917,طرزِ,4
1664,معاملہ,4
3623,حجاز,4
2860,ہَے,4
669,پیکاں,4
2097,ظلمت,4
594,نشتر,4
673,دیکھی,4
675,رنج,4
195,پائے,4
3048,گناہ,4
194,نجات,4
2245,گری,4
807,ضبط,4
1196,آگ,4
1957,شکر,4
336,استوار,4
815,گوشۂ,4
816,بساط,4
342,خلش,4
820,تقاضا,4
1149,ساماں,4
1736,گاہِ,4
3700,مردان,4
3091,ڈبویا,4
1363,راہِ,4
839,تشنہ,4
1353,سوا,4
359,شرار,4
1999,کفِ,4
123,جنبش,4
2457,تار,4
2929,چھوڑ,4
2271,طاقتِ,4
516,درویش,4
513,سبزہ,4
2277,چراغِ,4
370,رسوا,4
1737,بندِ,4
1617,لعل,4
1342,بتوں,4
2279,موسم,4
2246,بجلی,4
3604,کارواں,4
1131,تالیف,4
2710,فرمائیں,4
2075,مٹ,4
188,اصل,4
760,دود,4
2440,حد,4
1167,اٹھایا,4
2223,فصل,4
3628,سلطنت,4
554,پرتو,4
1871,ہا,4
1886,جلتا,4
1970,شبِ,4
1640,عجیب,4
788,خیر,4
1130,زرد,4
3040,ہمیشہ,4
793,خرمن,4
1129,پیشتر,4
789,خواہ,4
1145,مغفرت,4
2409,ولے,4
1188,معذور,3
1156,نالۂ,3
4220,شان,3
1201,بال,3
1158,زدہ,3
1164,ہمت,3
3635,مغرب,3
1195,مانند,3
1194,خاموش,3
1203,اندیشہ,3
3620,والے,3
1162,دنداں,3
2350,سی,3
1181,حنا,3
2375,کہتا,3
1178,لاکھ,3
1151,قیس,3
3630,قدسیوں,3
1226,غنچۂ,3
2357,وعدۂ,3
2236,غمخوار,3
1237,پرکاری,3
1596,عرش,3
1574,آرائی,3
1578,تارِ,3
1579,نایاب,3
1588,فرقِ,3
3842,افکار,3
1595,صحبتِ,3
1599,ناگہاں,3
1239,ہشیاری,3
2019,نمایاں,3
1604,یاب,3
1610,بازو,3
2010,جامِ,3
1616,طالعِ,3
1618,بڑا,3
1573,سیلاب,3
1568,عناں,3
3824,طواف,3
1564,گرداب,3
1561,شعلہٴ,3
4072,پاک,3
2059,پے,3
1549,اقرار,3
3811,فاش,3
1541,گراں,3
1535,فرش,3
2082,بستیوں,3
1531,ِ,3
1527,بیچ,3
2086,رشتہ,3
1521,جاناں,3
2090,پنبہ,3
1964,خطِ,3
1650,نگار,3
1955,رُو,3
1872,چہ,3
1791,سیرِ,3
1797,نظم,3
1804,لیتا,3
1768,اغیار,3
1765,عالی,3
1835,شہرِ,3
1749,بازارِ,3
1745,بخشے,3
1743,آتشِ,3
1859,اصلِ,3
1739,تابِ,3
4013,ستارہ,3
1729,مشقِ,3
3936,او,3
1873,آبادی,3
1656,دشتِ,3
1716,ننگِ,3
3922,یورپ,3
3917,نیام,3
1699,محراب,3
1697,انفعال,3
3906,شے,3
1920,سمجھتا,3
3902,طائرک,3
1679,اضطراب,3
1678,پہلو,3
1676,عتاب,3
1933,شیشۂ,3
1671,مدعی,3
3892,با,3
2091,روزن,3
2092,بیدادِ,3
1516,بارِ,3
3662,نشاں,3
2251,دیکھو,3
1367,خداوند,3
4164,جگنو,3
2268,نغمۂ,3
3691,اذاں,3
1343,شاعر,3
1336,قد,3
2285,سجدہ,3
2299,رباب,3
1321,تعبیر,3
3668,قلب,3
1319,مزہ,3
2309,حیراں,3
1313,نخچیر,3
1301,زیر,3
1380,روزِ,3
1300,اسیری,3
1297,چاہے,3
1288,جوئے,3
1287,لانا,3
1285,کرنا,3
2322,غیب,3
3656,غنچے,3
1275,داری,3
3644,ناپائیدار,3
2341,حکم,3
2342,نیا,3
4209,شاعری,3
2345,خدائی,3
1243,ڈھونڈا,3
2249,تمھیں,3
3706,دانش,3
2102,شورِ,3
3760,مدرسہ,3
1509,مقابل,3
1507,سیاہ,3
1502,عنواں,3
1494,گُل,3
1491,متاعِ,3
1484,ملامت,3
3778,جبریل,3
3776,رکھتی,3
2133,فرہاد,3
2146,بقدرِ,3
1465,گرمِ,3
3763,کہکشاں,3
3762,خاکی,3
2155,قمری,3
1457,جمع,3
2232,فغاں,3
1453,مہماں,3
2158,خراج,3
3759,پرسوز,3
2167,چھوڑا,3
1439,بُرا,3
2188,صرف,3
2191,پینے,3
2214,بخود,3
1407,فہم,3
2219,بتِ,3
1401,بجا,3
2226,نظارۂ,3
1395,رضا,3
1391,شہیدِ,3
1528,سیم,3
1783,خوابِ,3
867,جولاں,3
814,اچھل,3
800,شگفتن,3
2707,آکے,3
3174,آتے,3
806,صرفہ,3
3173,لوٹ,3
812,جوش,3
824,گرہ,3
934,اسیر,3
3402,تہ,3
827,دفینہ,3
834,افسوس,3
3408,ریزہ,3
837,ظرف,3
3043,سبھی,3
353,رگ,3
2711,بھرنے,3
2712,نیازی,3
354,ٹپکتا,3
366,بری,3
774,بیم,3
772,جانی,3
3028,ختم,3
3027,لکھوں,3
373,اٹھتا,3
764,بہر,3
763,فشاں,3
3021,یقین,3
3019,اسدِ,3
3018,لاشِ,3
3017,کرسکے,3
393,معین,3
320,وعدے,3
3414,کج,3
3422,میسر,3
2614,چرچا,3
2555,تسلیم,3
930,مثال,3
3511,پیغام,3
923,خلق,3
247,تند,3
3497,تذکرہ,3
261,جیب,3
264,رفو,3
3069,منزلِ,3
3486,گھڑی,3
898,پرافشاں,3
3477,سارا,3
2610,ہاتھوں,3
2611,کشاکش,3
879,حباب,3
848,پانی,3
281,چیز,3
284,سوائے,3
285,بادۂ,3
2647,تنہا,3
574,اشعار,3
866,عرصہ,3
3163,ٹھکانہ,3
2654,خیاباں,3
3050,نظریں,3
3046,مل,3
852,بینی,3
315,وصال,3
317,جیتے,3
3168,انہیں,3
744,جراحت,3
396,ہنسی,3
399,ثواب,3
3318,ستاروں,3
660,وادی,3
656,جنون,3
648,سراب,3
535,دیکھیں,3
536,قطرے,3
644,پھرو,3
3264,سبق,3
643,نعش,3
539,صبر,3
2907,روتے,3
637,مژگان,3
3325,دیکھنے,3
627,اکثر,3
2831,قصہ,3
3316,چاند,3
2934,پھرتا,3
619,دیدۂ,3
3314,قبا,3
3306,اٹھے,3
3303,آفتاب,3
606,بڑھ,3
604,کھلنے,3
595,سمجھوں,3
2887,ضبطِ,3
592,دشنہ,3
566,رقص,3
2867,بدلے,3
588,دیوانہ,3
2868,اِک,3
3290,اداس,3
511,سرمہ,3
2814,گستاخی,3
400,طاعت,3
2766,عرق,3
417,مرتے,3
3013,مِرا,3
3012,طلبگارِ,3
3011,عشقِ,3
3010,بابِ,3
3197,Rahay,3
443,کھل,3
3212,دیتے,3
445,قامت,3
2762,لباس,3
3222,مٹا,3
3373,روش,3
727,دستور,3
455,قلم,3
463,جم,3
2935,لئے,3
2771,رکھا,3
717,لبریز,3
475,جینے,3
706,درس,3
480,دروازہ,3
2950,نہيں,3
699,غفلت,3
2949,زور,3
4376,شجر,3
2804,لذّتِ,3
496,پوچھو,3
503,چہرہ,3
678,خمیازہ,3
1140,سازی,3
933,مرغ,3
2882,دودِ,3
2521,بتا,3
2425,لکھا,3
978,سرا,3
175,ناوک,3
3581,سکوت,3
1008,سرو,3
970,مدح,3
1078,ناتوانی,3
179,عکس,3
968,ورق,3
26,وہم,3
3595,حجابی,3
199,ظن,3
3576,تڑپ,3
2528,بیٹھنا,3
3132,آنے,3
1085,رحمت,3
965,آرایش,3
140,خشت,3
1047,جادۂ,3
3138,خنجر,3
1091,شمار,3
982,داں,3
998,نالوں,3
997,مانع,3
3584,کہن,3
2490,نفسِ,3
170,چھپائے,3
1003,نیستاں,3
158,اٹھائے,3
149,ستائے,3
51,سچ,3
1058,سرکش,3
3140,کھا,3
2443,زمّرد,3
172,غمزہ,3
1062,افعی,3
35,جبیں,3
983,ستائش,3
1065,چھوٹوں,3
2455,دوش,3
1087,بخشا,3
204,اعتماد,3
207,غرور,3
1014,تعمیر,3
92,کلیسا,3
955,خدایا,3
90,کفر,3
1110,ہاۓ,3
4269,پرندوں,3
1111,لطف,3
2394,تھک,3
2392,پڑی,3
1116,تازہ,3
2391,سمجھے,3
1123,گار,3
2464,لذتِ,3
3079,سینہٴ,3
77,گماں,3
227,گلی,3
3078,تنگیٴ,3
74,صہبا,3
1033,افسردہ,3
1101,جاوید,3
69,گفتار,3
2532,تہی,3
959,دولت,3
2405,کئی,3
3121,ہوگی,3
3606,کھو,3
2494,ہنر,3
3095,کہنا,3
73,پیمانۂ,3
1838,سودا,2
3221,انکو,2
2031,آنکھیں,2
1822,طبعِ,2
1841,دستار,2
3194,K,2
2960,ساعت,2
2963,مطلب,2
2988,جاؤ,2
2033,رقیبوں,2
3224,شعور,2
1827,اظہار,2
3147,ودیعتِ,2
1825,دستِ,2
1843,محشرِ,2
2028,گردوں,2
3145,روانہ,2
3835,کتاب,2
2956,یادِ,2
2952,فکرِ,2
3913,کشاد,2
2044,لیں,2
3104,دیدہٴ,2
2069,رگِ,2
3270,وجود,2
2071,کیش,2
2893,مارا,2
2072,ترکِ,2
2073,رسوم,2
2074,ملتیں,2
3125,ياد,2
2891,صورتِ,2
1790,ہوسِ,2
1788,ننگ,2
3805,ڈوب,2
2890,کیجیۓ,2
2888,دیدارِ,2
1787,خمِ,2
2886,اندیش,2
2083,بخیہ,2
1786,ربطیِ,2
2883,کشتہ,2
3266,بود,2
2067,فزا,2
1795,وقتِ,2
3818,بانگ,2
2943,لگائے,2
2047,حوریں,2
1815,گلشنِ,2
3241,خمارِ,2
3823,کمال,2
3110,طلبی,2
2930,يوں,2
3845,آغوش,2
1808,دکھلا,2
2065,دعائیں,2
2920,سنائے,2
3261,زیاں,2
3134,دب,2
1800,نامۂ,2
3133,نمرود,2
3814,کلیم,2
2906,چپکے,2
2064,جتنی,2
3002,حائل,2
2012,تعجب,2
1846,وصالِ,2
3083,آموزِ,2
1935,آرزوئے,2
1936,سایۂ,2
1937,دیوارِ,2
3082,قدرٕ,2
3916,ہلال,2
3064,وجہِ,2
1942,رہنِ,2
3063,پڑھتے,2
1947,وہمِ,2
3919,تب,2
1950,دوعالم,2
3066,سبزہٴ,2
1951,اظہارِ,2
3159,تاراجِ,2
1894,نجف,2
3060,کتنی,2
1952,بیانِ,2
1888,چراغانِ,2
3055,ڈھونڈتا,2
1956,شکوہ,2
3047,اعلان,2
1884,خارِ,2
3065,شرمندہٴ,2
3067,کاکلِ,2
3929,سحاب,2
3073,صدمہٴ,2
3912,ضرب,2
3077,سروساماں,2
3911,شگاف,2
3910,خیام,2
3080,نالٴہ,2
3076,رقیبِ,2
3158,گرہِ,2
1905,تاثیر,2
1919,اضطرابِ,2
3074,عیسیٰ,2
1921,الفتِ,2
1902,ہمتِ,2
3904,شرمسار,2
3072,محرومیٴ,2
3081,مائدہٴ,2
3071,گلبانگِ,2
3070,تقویٰ,2
1904,آہِ,2
3915,غرب,2
1928,باعثِ,2
3068,جادہٴ,2
3897,تابدار,2
3084,ہمتِِ,2
1882,شک,2
1848,نشاطِ,2
3852,انگیز,2
2005,سیہ,2
1862,مانندِ,2
1860,تگ,2
3180,حمد,2
3183,توفیق,2
3093,حِس,2
3094,کٹنے,2
2008,بہاری,2
2009,طرب,2
3184,عطا,2
3914,شرق,2
3152,سرابِ,2
3151,رہگزار,2
3150,دادہٴ,2
3016,سازیٴ,2
3149,آئينہ,2
3148,ماتمِ,2
3946,قرآں,2
3849,گاہے,2
3014,مجموعہٴ,2
1850,نغمہ,2
1849,تصور,2
3854,آمیز,2
1863,زبانِ,2
3157,طَعمہ,2
1980,گدائے,2
1971,زیاد,2
3873,سناں,2
3872,ہندی,2
3170,سجدوں,2
1975,جاؤں,2
1976,فساد,2
1880,تمثالِ,2
3871,پارس,2
1979,ملتی,2
3931,قلندر,2
3935,را,2
3031,سجدے,2
3156,مِژہ,2
3155,دُکھ,2
1984,شادی,2
3154,شگفتنِ,2
3153,صبحِ,2
1986,شاد,2
3034,ضرورت,2
1992,کمالِ,2
3863,رستاخیز,2
1997,شوقِ,2
3613,رازداں,2
2813,بیباکی,2
3286,مند,2
2282,پردۂ,2
3659,پھرتے,2
3509,تھم,2
2321,دائم,2
3514,بدلنے,2
2554,خسرو,2
2550,شکوۂ,2
3657,رازدار,2
2548,حسنِ,2
3655,پاگل,2
2545,پڑھ,2
3653,دکھایا,2
2542,رشکِ,2
2329,اندازِ,2
2537,حیرتِ,2
3652,جلوں,2
3651,دکھاوے,2
2535,چلنے,2
3649,موجوں,2
3648,ناتواں,2
2531,بیٹھیے,2
2530,خموش,2
3647,مور,2
3646,قافلہ,2
2338,اسبابِ,2
3645,سفینۂ,2
2526,بنی,2
2524,اشارے,2
3643,خودکشی,2
2523,دلبری,2
2569,تلے,2
2572,گلزار,2
3660,نکلوں,2
3485,پیمان,2
3682,ميری,2
2292,جناب,2
3455,پیام,2
3463,خطر,2
2298,چنگ,2
2626,برہمن,2
3470,اچھے,2
3669,ليکن,2
3472,سارے,2
2607,آنسو,2
2307,شہود,2
3667,اسباب,2
1785,وحشتِ,2
2599,کشت,2
2573,صیاد,2
3664,مٹنا,2
3663,نمود,2
2596,جلے,2
3488,دوراں,2
3491,زیبائی,2
2588,ڈال,2
3661,درماندہ,2
2587,لاگ,2
2579,دہن,2
3502,سلیقہ,2
2576,اثبات,2
3503,رعنائی,2
2318,فارغ,2
2522,پرسش,2
2520,بوسہ,2
3538,روبرو,2
3624,صحرائیوں,2
3570,خوبصورت,2
3631,ہوشیار,2
2458,نیازِ,2
2365,کمر,2
3573,سمجھتی,2
2449,آسمان,2
3629,الٹ,2
3586,اماں,2
2435,پیالہ,2
3627,روما,2
3626,نکل,2
3625,باندھا,2
2430,پتھر,2
2426,جلدی,2
2463,سکتی,2
2423,اعمال,2
3622,برہنہ,2
3594,انتہا,2
3621,بسیں,2
2413,سامنا,2
2378,ظلم,2
2379,لطفِ,2
2380,دریغ,2
2397,پائیں,2
3619,پیتے,2
3610,الجھ,2
3618,چھپ,2
2388,حجت,2
3567,احمد,2
3632,خواروں,2
3641,تمہاری,2
3640,عیار,2
2503,چلتا,2
3546,نچوڑ,2
2499,کدھر,2
2498,پوچھتا,2
3547,فرشتے,2
2347,دوزخ,2
2492,شرمندہ,2
2489,رحم,2
3552,نواز,2
2349,تھوڑی,2
2486,آمد,2
2483,اڑا,2
3555,روس,2
3639,کھرا,2
3633,پھٹ,2
3638,دکاں,2
3637,بستی,2
3636,والو,2
2480,جلوت,2
2479,تلوار,2
2358,خوشا,2
3557,رسول,2
3559,توف,2
2472,گرفتار,2
2470,مان,2
2467,بالِ,2
3634,دیار,2
3566,ترجمہ,2
3450,خرابہ,2
2280,خزاں,2
3289,نوبہار,2
2652,مہرِ,2
2815,تقصیر,2
2149,گوشہ,2
2150,آبِ,2
2152,خرامِ,2
2153,خاکِ,2
3340,تلخیِ,2
3341,مئے,2
2807,گوارا,2
3346,پیہم,2
3350,جانے,2
2797,تدبیر,2
2796,آزمانے,2
2795,سرگرم,2
3356,مجاز,2
3758,چالاک,2
2779,غریبی,2
2778,ہجوم,2
3751,تیموری,2
2170,گلا,2
3371,صحن,2
3750,عثمانی,2
3749,ترکان,2
2173,ڈالا,2
2763,ناف,2
2180,عبرت,2
3743,مجبور,2
2186,فرصتِ,2
2187,عمرِ,2
2757,سوال,2
3330,دوستانہ,2
2144,کثرتِ,2
3329,شکوے,2
2107,ذرّہ,2
2087,سوزن,2
2088,مانعِ,2
3802,محیط,2
3293,آغاز,2
2096,شاہد,2
2865,رُک,2
2859,کھولتے,2
3302,اترے,2
3305,انقلاب,2
2848,دامِ,2
3312,بکھری,2
2106,افشاں,2
3313,خوشبوئے,2
2108,جانوں,2
2136,خسروِ,2
2112,دیے,2
3788,رازیؔ,2
2117,طوق,2
3324,چل,2
3785,طریق,2
2119,کشوں,2
2122,رازِ,2
3327,تکمیل,2
3781,پہنائے,2
2128,بخش,2
3775,اندیشۂ,2
3328,سکی,2
3772,مشعل,2
2752,گلہ,2
3739,سحرگاہی,2
2751,سناؤں,2
3697,نکتۂ,2
2235,پوچھیں,2
2714,فرشِ,2
2713,حضرتِ,2
3708,تقلید,2
2709,غمخواری,2
2243,ڈر,2
2706,دیوے,2
3400,صفا,2
3703,چاہیئے,2
2252,جرم,2
2702,باعث,2
2700,شباب,2
3699,آہنگ,2
2259,نکالا,2
2716,باندھے,2
3695,کرگس,2
2262,پھولوں,2
2264,سرشارِ,2
2689,تاکہ,2
3692,مجاہد,2
2676,تپشِ,2
2674,پندِ,2
2671,اعتمادِ,2
2669,دردِ,2
3688,الفاظ,2
2665,فقیروں,2
3431,مندی,2
2278,گلِ,2
2715,سمجھائیں,2
2233,چھوڑیں,2
3387,سہا,2
2211,نوردی,2
2194,کھینچ,2
3736,درویشی,2
3391,ڈالے,2
2197,کوہکن,2
3392,وسوسے,2
3393,دلوں,2
3729,یزداں,2
2205,پھرا,2
2206,دُور,2
3728,بیباک,2
3727,گستاخ,2
3395,گلو,2
2730,سایہ,2
2729,زیرِ,2
2718,لائیں,2
2727,کھائیں,2
3723,رہرو,2
2726,دلّی,2
2217,مرغِ,2
2725,قحطِ,2
2724,معمورے,2
2723,گھبرائیں,2
2722,گرفتارِ,2
2721,بھاگیں,2
2720,زادِ,2
2719,چھٹ,2
2228,سرمایہ,2
3715,فتراک,2
3482,مقتل,2
1563,حلقہٴ,2
1784,بیگانہ,2
1316,عجز,2
1415,مرحبا,2
4133,خویشتن,2
679,خمار,2
1420,پس,2
667,آفت,2
1426,فرسا,2
1428,رہنما,2
662,آئنۂ,2
651,مثل,2
636,ودیعت,2
628,امت,2
1434,اجتہاد,2
623,حوادث,2
1443,اعتقاد,2
1444,رکھے,2
617,نزول,2
615,اندھیری,2
4116,زیبا,2
1451,خونیں,2
1452,مدّت,2
1459,دعوتِ,2
1463,برسوں,2
1464,چاکِ,2
612,عرصے,2
1468,چلا,2
1414,نبی,2
1404,رہِ,2
705,طور,2
733,کردیا,2
1318,سیل,2
765,استقبال,2
761,سپند,2
754,بیتابی,2
748,ہدیہ,2
747,ارمغاں,2
746,الماس,2
745,تحفہ,2
4351,مقصود,2
1339,والوں,2
1344,ذلیل,2
4170,چمکا,2
711,تجلی,2
1355,سلطاں,2
4168,مہتاب,2
1361,کیسی,2
1368,فروغِ,2
4365,سجا,2
718,نور,2
4157,پنپ,2
1378,پڑتی,2
716,ماہ,2
1385,بخشی,2
1386,کُشتۂ,2
610,کیسا,2
603,اندر,2
602,گور,2
1572,بالش,2
4074,غلامی,2
532,حلقۂ,2
528,جیتا,2
1558,برقِ,2
1560,زہرہٴ,2
1562,جوّالہ,2
1566,عذرِ,2
1567,بارش,2
1569,گیرِ,2
507,شکن,2
1571,پنبہٴ,2
1575,موتی,2
1547,دفن,2
501,ہنگامہ,2
1576,پرونے,2
1581,آبجو,2
1586,پرشور,2
1587,بیخوابی,2
1590,بالشِ,2
1591,کمخواب,2
1594,بساطِ,2
1598,سوختن,2
1600,خوننابہ,2
1601,ٹپکانے,2
1548,انکار,2
1538,پوچھوں,2
599,پیکر,2
1508,رُخ,2
596,باتیں,2
591,آستیں,2
586,کدے,2
1482,طوافِ,2
581,انجم,2
1485,پندار,2
1489,خریدار,2
572,جلتی,2
570,علاج,2
561,بیش,2
1503,مانگے,2
558,تعلیم,2
1537,مقدور,2
556,شبنم,2
1515,پڑے,2
4087,کسریٰ,2
1519,بیٹهے,2
4086,قیصر,2
4084,بندے,2
1530,تکیہ,2
1534,سانپ,2
1536,من,2
546,فرقت,2
541,بیتاب,2
768,آئینہ,2
769,بدگمانی,2
1612,جواہرِ,2
4342,پابند,2
885,دماغی,2
881,رفتار,2
880,موجۂ,2
878,ماندگی,2
1028,لاکھوں,2
1031,مردہ,2
1035,یوسف,2
1037,بغل,2
4267,جمشید,2
3986,مجال,2
1039,سبب,2
1042,تبسم,2
877,خامہ,2
876,صحراۓ,2
875,خضر,2
1046,ہونا,2
1049,اجزائے,2
1056,سبزۂ,2
1057,کاکل,2
1061,حریف,2
872,راہی,2
1064,اندوہ,2
868,واماندگی,2
4258,پرندے,2
4256,وصی,2
888,خوابیدہ,2
889,آگاہی,2
1015,مضمر,2
912,نوید,2
942,اٹھ,2
943,پاسباں,2
928,دستی,2
4298,ستارا,2
919,رکھوں,2
972,سفینہ,2
918,تشنۂ,2
974,بیکراں,2
975,ادائے,2
4293,رھبر,2
915,طرز,2
986,رضواں,2
892,استاد,2
987,گلدستہ,2
989,طاق,2
905,کھاتا,2
990,نسیاں,2
994,تسبیح,2
4285,تمدن,2
900,صحرائے,2
897,محشر,2
893,سراغ,2
1010,نقشہ,2
4280,جنہیں,2
4255,سروری,2
4254,تمنائے,2
865,جہت,2
1278,مائل,2
1244,پند,2
4333,پیمانے,2
1253,بازی,2
1256,یاس,2
1257,خندہ,2
1261,کشتۂ,2
4336,حالات,2
1266,عضو,2
1269,بوریا,2
803,دکھ,2
785,وداع,2
1279,فریادی,2
1228,پروانہ,2
1280,شوخی,2
1281,تحریر,2
1282,کاغذی,2
1284,کاو,2
784,آغوش,2
4339,لؤ,2
1296,شنیدن,2
1298,بچھائے,2
4192,پاتی,2
1309,تسخیر,2
776,فضائے,2
1235,نارسا,2
4332,ممکن,2
864,شش,2
4228,ھوا,2
1083,گہ,2
1088,جاوے,2
1090,معاصی,2
862,سراسر,2
1100,نومیدی,2
1103,کشایش,2
860,گردش,2
857,سامان,2
4244,سکندری,2
4240,مرتبہ,2
1155,سینۂ,2
1180,شوخیٔ,2
1222,آتش,2
4224,نوجواں,2
1190,پیشوا,2
840,کامی,2
1192,محابا,2
1198,پرے,2
1200,آتشیں,2
1206,داغوں,2
1208,فرما,2
1210,تپاک,2
4222,جادو,2
4221,بتاؤں,2
1611,زخمِ,2
620,اختر,2
490,بیزار,2
361,گسل,2
1692,خاطرِ,2
355,تھمتا,2
346,دوستی,2
332,بودا,2
4027,سنی,2
1703,نسبت,2
1705,دعوت,2
1707,ریزِ,2
4026,منبر,2
329,بندھا,2
328,نازکی,2
1710,حوصلہ,2
1711,ربط,2
321,جیے,2
318,رہتے,2
4023,روح,2
308,پھرے,2
1714,فروش,2
4022,فقیہ,2
1691,غبارِ,2
362,بچیں,2
1653,یارانِ,2
368,مرنا,2
1662,بسا,2
1665,عصا,2
429,ڈرے,2
1667,کیجئے,2
423,خواہش,2
1669,شعلۂ,2
408,چیخوں,2
401,زہد,2
385,ولی,2
383,بیان,2
380,مسائل,2
379,دوئی,2
378,یکتا,2
377,یگانہ,2
375,مزار,2
4036,طائر,2
1686,حشر,2
372,جنازہ,2
371,غرق,2
1717,نگاہِ,2
1718,درِ,2
1720,لرزاں,2
303,کہیے,2
171,دشنۂ,2
164,نیمروز,2
162,دلفروز,2
161,جمال,2
144,روئیں,2
4452,چھا,2
1759,ورقِ,2
95,فریبی,2
1763,خواری,2
75,نفرت,2
3997,بنیاد,2
56,آرا,2
1769,ملاقات,2
46,پیچھے,2
3992,خانقاہ,2
3991,قلندری,2
1776,بازوئے,2
4467,رزق,2
14,سلیماں,2
174,ستاں,2
178,پناہ,2
205,آزمائے,2
1746,فروغ,2
298,سبو,2
4019,سکھا,2
4018,فغان,2
4434,پابندی,2
4015,سما,2
1731,خاطر,2
4437,بندی,2
1742,رفتارِ,2
263,حاجت,2
208,عز,2
257,بدن,2
1748,گرمیِ,2
245,بتاؤ,2
4007,گھات,2
4006,سازگار,2
233,روئیے,2
215,ملیں,2
1756,آگاہ,2
1659,پست,2
939,گدا,2
449,لکھوائے,2
1631,کاروبار,2
465,توقع,2
4420,کشادہ,2
446,درازی,2
1615,اوجِ,2
1637,طبعیت,2
1632,پھ,2
1622,اُسے,2
454,کان,2
1628,اتنی,2
1639,بڑی,2
4446,یوم,1
3434,سکھائیں,1
3435,ادائیاں,1
3433,رنجیدہ,1
3432,خدائیاں,1
4418,ایاغ,1
3245,بردنِ,1
4447,حوالے,1
3246,بیدلی,1
3208,Ghar,1
3247,نومیدیٴ,1
3430,ہنسائیاں,1
4448,انتہائی,1
4324,نفع,1
4445,لالے,1
3429,جگ,1
4325,پسر,1
3428,ہوئیں,1
4326,منگول,1
3227,سوچتا,1
3427,ٹھہرے,1
3426,معتبر,1
3436,دوانے,1
4323,سےعلم,1
3437,لبادہ,1
3444,شہرہ,1
3451,ویرانئ,1
3243,سُبحہ,1
3231,وجد,1
3449,نگاراں,1
4451,شھرت,1
3448,چلو,1
3447,سامانی,1
3446,پریشانئ,1
3445,نادانئ,1
3230,کھٹکے,1
3443,رند,1
3438,پہچانے,1
3229,ہلا,1
3244,مرغوبِ,1
4450,ارضپاک,1
3228,شکائتیں,1
3441,ارادہ,1
4449,نومبر,1
3440,اٹھیں,1
3425,پہنچ,1
4409,سالار,1
3439,پل,1
4327,خزینگراں,1
4408,قافلہِ,1
4328,مٹانے,1
3404,مضطرب,1
3411,سمیٹ,1
3410,بچے,1
3161,کیف,1
3409,گنوا,1
3162,برسات,1
3407,گنواؤ,1
3406,سکوں,1
3225,آسکا,1
3405,راستے,1
3249,آيئنہٴ,1
4433,خداوندی,1
3250,مہریٴ,1
3424,جدائیاں,1
4419,طریقوں,1
3403,رکھو,1
4334,پروانے,1
3164,قبر,1
3165,روایات,1
4335,رحمیِ,1
3401,بادبان,1
3166,جایا,1
3167,بدلہ,1
3223,اُسکا,1
3251,غلتیدنِ,1
3412,لٹا,1
3413,دشمناں,1
3160,بہلانے,1
3248,عقدہٴ,1
3423,قربتیں,1
3242,شمارِ,1
4329,نمو,1
3421,آشنائیاں,1
3420,یادگار,1
3419,رکے,1
3418,گفتنی,1
3417,کشتنی,1
4330,دھمکانے,1
4444,مشاطگی,1
3416,بانکپن,1
4443,فرزندی,1
3415,قاتلوں,1
4331,تشنگی,1
4442,آداب,1
4441,اسماعیل,1
4407,خوابوں,1
4440,سکھائے,1
4439,کرامت,1
4438,فیضان,1
3226,سکون,1
4436,ذلت,1
4435,اوقات,1
3232,گرتا,1
3453,سونپا,1
3452,فگن,1
3252,بِسمل,1
3237,حبابِ,1
4313,بےمثال,1
4465,دوسروں,1
3501,قداں,1
4314,دیوانے,1
4315,محوِِِ,1
3500,شمشاد,1
3499,شہ,1
3498,چھیڑے,1
3135,تھما,1
4412,عِلم,1
4316,رائیگاں,1
3136,رہزنی,1
3496,بدناں,1
3495,گرمئی,1
4317,نذرانےنہ,1
3137,دلستانی,1
4464,مجھکو,1
3494,شناسائی,1
3493,ارزاں,1
3492,دہناں,1
3139,گالیاں,1
4318,کتب,1
3490,جانب,1
3489,گردشوں,1
4312,میخانے,1
4466,لاہوتی,1
3236,گوشہٴ,1
4308,بھیجتا,1
3517,امڈے,1
4305,سہارے,1
4306,گناھ,1
4470,حالت,1
3129,دوستدارِ,1
3516,چھلکا,1
3515,کھلتا,1
4469,کوتاہی,1
3513,رت,1
4307,لعنت,1
3512,ترسنے,1
3510,غمزدوں,1
4468,اچھی,1
4309,شیطان,1
4310,پیاسے,1
3130,کِھلنے,1
3508,پہنچا,1
3507,سنبھالو,1
3506,مسیحائی,1
4311,سکونِ,1
3505,زدگاں,1
3504,مسیحائے,1
4413,حِکمت,1
3131,مِنّت,1
4319,کرنیں,1
4463,کرونگا,1
3238,موجہٴ,1
3240,ناگزیرِ,1
3467,حضوری,1
3466,پہنچی,1
3465,طناز,1
4411,انوکھا,1
3239,بےدماغی,1
4456,پہنچوں,1
4455,گزارا,1
4454,چگنے,1
3464,سرمۂ,1
4453,ٹہنی,1
3233,پلکوں,1
3462,حرص,1
3468,دریچے,1
3461,ترازو,1
3460,چھیڑی,1
4410,کتابِ,1
3459,پیوست,1
3458,غماز,1
4416,بناتا,1
3457,حیرانئ,1
3456,زندانئ,1
4322,کدوں,1
4417,ہےعلم,1
3454,نگہبانئ,1
4457,اندھیرا,1
4458,سنکر,1
3487,نبض,1
4415,شاہکار,1
4320,گرمانے,1
4462,کیڑا,1
3142,رک,1
3484,تعزیریں,1
3143,روا,1
3144,دلستاں,1
3483,تدبیریں,1
3235,طوفان,1
3481,حسرتیں,1
3480,گنو,1
3479,دکھلائیں,1
4321,حکمت,1
3469,نظارا,1
3478,سکھلائے,1
3234,چنتا,1
4461,مدد,1
3146,پڑھیئے,1
3476,سجھائی,1
3475,بہتات,1
4460,بولا,1
3474,دوبارا,1
3473,پھیرے,1
3471,ٹھہری,1
4459,زاری,1
4337,سےکچھ,1
3253,مُحابا,1
3399,صدق,1
4387,رفعت,1
4384,اونچی,1
3210,Badalty,1
4385,اڑاں,1
4426,شرمائں,1
3274,شوخیٴ,1
4386,مرحلہ,1
3185,میدان,1
3322,باری,1
3321,مستیٔ,1
3320,جانانہ,1
3319,لمس,1
3317,ماند,1
3191,کافی,1
3186,بڑھتے,1
3518,عشاق,1
3275,پیکرِ,1
3315,پھوٹی,1
3187,بھرپور,1
4388,ناموری,1
3188,روپ,1
3189,سانپوں,1
3311,کامیاب,1
3310,بسر,1
3190,سپیروں,1
4383,پہرہ,1
3273,قیود,1
4401,ٹمٹمائے,1
3331,قاعدے,1
4378,لکھی,1
3344,فسون,1
3343,مرہون,1
4429,مرزابھی,1
4379,نؤ,1
4421,کبریت,1
3342,ایّام,1
4380,ھماری,1
3211,محورے,1
3339,لادوا,1
3338,گریز,1
4381,بسائیں,1
3271,تیشے,1
4382,اڑان,1
3272,سرگشہٴ,1
3337,خوبیِ,1
3336,خطاوار,1
3335,دادِ,1
3334,بُھولے,1
4428,سید,1
3333,اُصولِ,1
4427,یہود,1
3332,کاربندِ,1
4425,ہنود,1
3309,سمت,1
4377,مالی,1
3283,زیرپا,1
3200,Chalna,1
4395,فقیری,1
3201,Tha,1
3288,بھرے,1
3287,گلوں,1
3202,Chaltay,1
4396,سرفرازی,1
4397,نازاں,1
3285,جانِ,1
3203,Muhabbat,1
3284,غمخوارِ,1
3282,عالَمِ,1
3308,گونجی,1
3281,اختیارِ,1
4398,قانون,1
4422,گزرپارس,1
3280,جذبہٴ,1
3279,جوئےشِیر,1
3204,Adawat,1
4399,لامکاں,1
3205,Wafa,1
3206,Berukhi,1
3278,جانیہائے,1
3207,Kiray,1
4394,شغف,1
3292,کنج,1
3199,Main,1
4393,جنہں,1
3307,خانماں,1
4389,نسیم,1
3276,کاؤ,1
3209,Thay,1
4390,دیتی,1
3192,ڈسنے,1
4391,فجر,1
3193,Musafir,1
3304,سرداری,1
4424,نصاری,1
3195,Rastay,1
3301,ماہتاب,1
3300,عذاب,1
3299,جچا,1
3277,کاوِ,1
3196,Badaltay,1
4392,قائد,1
3297,سنوار,1
3296,عاقبت,1
3295,تمہارے,1
3294,مشکبار,1
4423,دلکشا,1
3198,Muqaddar,1
3345,لرزش,1
3347,وقف,1
4338,لرزیدہ,1
3388,راندۂ,1
3263,مکتبِ,1
3398,آبروئے,1
3397,مزاج,1
3396,وقار,1
3219,دوریا,1
3175,نمازوں,1
3394,قیامتیں,1
4350,شاھین,1
4352,لبیک,1
3390,جفاخو,1
3389,حیلہ,1
4353,سمجھو,1
3381,رہو,1
4354,ولایت,1
4414,فلسفہ,1
3176,اجڑے,1
4355,بڑھا,1
3385,عاشقانہ,1
4404,عوض,1
4356,حیث,1
3384,سلوک,1
3383,غائبانہ,1
4357,شعیہ,1
4358,واسطہ,1
3262,سود,1
4349,دیپ,1
4405,لوث,1
4348,مخمور,1
4406,مزدور,1
4400,ادناہ,1
4432,سوزودرد,1
4431,متاع,1
3254,کارفرما,1
3169,چاہیں,1
3255,تپاکِ,1
4340,مدھم,1
4341,بےنور,1
4430,ہوافغان,1
3220,فاصلے,1
3171,خلوص,1
4343,افق,1
3256,جزقیس,1
3172,نیت,1
3257,روے,1
3258,حسود,1
4344,رونقِ,1
4345,محصور,1
3259,آشفتگی,1
3260,درست,1
4346,جوڑ,1
4347,وجدان,1
3265,رفت,1
3380,سنبھالے,1
3348,سوزش,1
3269,برہنگی,1
4367,دشمنوں,1
4368,ھم,1
3182,چڑھتے,1
3363,گاتی,1
3268,عیوبِ,1
3362,بدلتی,1
3361,خوشبو,1
3360,جھلملاتی,1
3359,بجھتی,1
3358,دکھاتی,1
3357,چاندنی,1
3355,ناکامئ,1
3177,دیمک,1
4369,مسلک,1
3354,فرض,1
4370,جناح,1
3352,شدہ,1
3351,خاموشیوں,1
4371,کرینگے,1
4372,اجڑ,1
4373,ایمان,1
4402,وبال,1
4374,اتحاد,1
4375,تنظیم,1
3181,ثنا,1
3365,سناتی,1
3366,بلاتی,1
3367,بہلتا,1
4359,مباحثے,1
3217,اُسکو,1
4360,زیتون,1
3178,دستک,1
3378,دوستاں,1
3377,ارغواں,1
3376,کاسۂ,1
3375,کماں,1
4361,تیل,1
3216,جوچلا,1
4362,سرسوں,1
3374,کھنچ,1
4363,نعرہحق,1
4364,رکھنا,1
3372,مشتاقاں,1
3215,آپکو,1
4366,میدانکربلا,1
3370,شورش,1
4403,علامہ,1
3369,بیک,1
3214,لینا,1
3368,ستاتی,1
3267,ڈھانپا,1
3386,قہر,1
3571,بولنا,1
3519,سلگنے,1
3837,جرعہ,1
3829,فقیہان,1
3830,خلاف,1
3831,فلاطوں,1
3832,میان,1
3834,اعراف,1
3836,کشافؔ,1
3838,ناصاف,1
3827,اتفاق,1
3840,طریقت,1
3841,شریعت,1
3843,سرمست,1
3844,بیدار,1
3846,نئی,1
3847,گلگونہ,1
3828,مومنوں,1
3826,غلاف,1
3850,سروش,1
3815,بکف,1
4078,عرشیوں,1
4077,استغنا,1
4076,محفوظ,1
3812,حکیم,1
4075,زرہ,1
3813,سربجیب,1
4073,حکومت,1
3825,سلامت,1
3816,معرکہ,1
3817,درخت,1
3819,لاتخف,1
3820,خیرہ,1
3822,مدینہ,1
3127,لڑکپن,1
3848,لازم,1
3851,خواں,1
4079,اولیٰ,1
4060,مصرع,1
3866,ملوکیت,1
4062,قیام,1
4061,لکھ,1
3867,آثار,1
3868,تیمور,1
3869,چنگیز,1
4059,جنگاہ,1
3864,شعلے,1
3870,عراق,1
4058,گہرائیوں,1
4057,پادشاہوں,1
4056,سیکھی,1
4055,خاراشگافوں,1
4054,حجازی,1
3865,سرعت,1
4063,مسلمانوں,1
4071,سولی,1
3857,ناپختہ,1
4070,حلاج,1
3853,دانا,1
4069,عرفاں,1
4068,رقابت,1
4067,عین,1
3856,ملوکانہ,1
3858,پرویزی,1
4064,آسانوں,1
4066,توحید,1
3859,حجرۂ,1
4065,اندازۂ,1
3860,شیراں,1
3861,دستاویز,1
3862,درویشاں,1
3810,روم,1
4080,دیکھے,1
3874,ریز,1
3774,لولاک,1
4105,لبالب,1
4104,بطحا,1
4103,خفتہ,1
4102,مکی,1
3773,میراث,1
4101,احرام,1
4100,چینیاں,1
3769,تیرہ,1
4099,گرفتہ,1
3777,صیقل,1
4098,آشوب,1
3779,پروائے,1
3780,چنتی,1
4097,ندا,1
3770,بصر,1
3768,کائنات,1
3783,رفیق,1
4112,اٹھتی,1
3756,کافوری,1
3757,مغربیوں,1
4115,محرومی,1
3761,عروج,1
4114,بالا,1
4113,نہنگوں,1
4111,واویلا,1
4106,الا,1
4110,سروں,1
3764,نیلگوں,1
4109,نیچے,1
4108,ور,1
4107,زخمہ,1
3766,زمانۂ,1
3782,چمک,1
3784,قلندروں,1
4081,مشرق,1
4083,توراں,1
4089,گلیم,1
3799,ناسزا,1
3800,لشکریاں,1
3801,ہدف,1
4088,چرا,1
4085,ہلاک,1
3803,ڈھونڈ,1
3797,زندیق,1
3804,بتاں,1
4082,ایراں,1
3806,تلف,1
3807,کھول,1
3808,باشرف,1
3809,شرف,1
3798,سپاہ,1
3796,تصدیق,1
4096,برپا,1
3790,دقیق,1
4095,اسرافیل,1
3786,مغاں,1
3787,خلیق,1
4094,زہرا,1
3789,ہاے,1
4093,چادر,1
3791,مرید,1
3795,بااللساں,1
3792,تائب,1
4092,اویس,1
4091,دلق,1
3793,بتان,1
3794,عتیق,1
4090,ذر,1
4053,لغت,1
3875,مۂ,1
3754,کیونکر,1
3954,شرقی,1
3951,ملکوتی,1
4005,الدیار,1
3952,پیوند,1
4004,قصوروار,1
3953,مست,1
4003,مراد,1
3955,غربی,1
4008,حوصلے,1
4002,خیمۂ,1
3956,صفاہاں,1
3957,سمرقند,1
3958,ابلۂ,1
3959,فرزند,1
3960,بیگانے,1
3950,غاروں,1
4009,حوریان,1
3962,زہر,1
3942,موعظہ,1
3938,خرے,1
3939,کباب,1
3940,گلگوں,1
3941,بجز,1
4014,صوت,1
4012,سنبھال,1
4011,برکاب,1
3949,قریہ,1
3943,احکام,1
3944,مفسر,1
3945,تاویل,1
4010,مغربیاں,1
3947,پازند,1
3948,افرنگ,1
3961,ناخوش,1
3963,ہلاہل,1
4016,لطیفۂ,1
3982,جواں,1
3976,چھینے,1
3977,شکرخند,1
3978,حضرت,1
3979,بستیاں,1
3980,کوفہ,1
3981,بغداد,1
3983,فلسفی,1
3975,خرم,1
3984,فقیہہ,1
3990,رموز,1
3989,سرمایۂ,1
3985,تحقیر,1
3988,عشرت,1
3987,خرید,1
3993,رشی,1
3974,خورسند,1
4001,ٹھہر,1
3969,شعلوں,1
3964,قند,1
4000,صرصر,1
3999,مشت,1
3966,بین,1
3967,تودے,1
3968,دماوند,1
3970,دانۂ,1
3994,فاقوں,1
3998,طالب,1
3971,اسپند,1
3996,کلیمیؑ,1
3972,نکوبین,1
3973,کیسہ,1
3995,ٹوٹا,1
3937,بخشد,1
4017,ازلی,1
3876,اشارہ,1
3895,ستیز,1
3889,موافق,1
3890,صدائے,1
3891,خبراں,1
4046,بچوں,1
3893,بساز,1
3894,سازد,1
4045,خداوندان,1
4047,نخچیروں,1
3896,گیسوئے,1
4044,غازی,1
4043,گیر,1
4042,مروت,1
3898,ہمکنار,1
3899,کنار,1
3888,غمیں,1
3887,التفات,1
3900,خزف,1
3882,فرسودہ,1
3877,پاتے,1
3878,پرہیز,1
4052,قاروں,1
3879,بچھائی,1
3880,وارث,1
3881,پرانے,1
3883,نوخیز,1
4048,بدلا,1
3884,نشور,1
4051,الٰہ,1
4050,شاہبازی,1
3885,چھین,1
3886,سحرگہی,1
4049,طریقہ,1
4041,نوازی,1
4040,قریب,1
3934,مہاجن,1
3926,نادر,1
3920,بتاتا,1
3921,امم,1
3923,نرالے,1
3924,لاتے,1
3925,دبدبۂ,1
4024,کانپ,1
3927,شوکت,1
3918,خطاب,1
3928,چھٹنے,1
4021,خانقہی,1
3930,معانی,1
4020,شیوہ,1
3932,اسرار,1
3933,گزراں,1
4025,ترستے,1
4028,فلسطیں,1
3901,شاہوار,1
4034,نظری,1
4039,جوار,1
3903,پیش,1
4038,ترک,1
4037,رس,1
3905,کھوئی,1
4035,خطیب,1
3907,تاروں,1
4029,پہاڑوں,1
3908,بیکرانہ,1
3909,قیدمقام,1
4033,جماعت,1
4032,قرطبہ,1
4031,سیماب,1
4030,رعشۂ,1
3755,شاہین,1
4117,بھروسا,1
3520,جلنے,1
3596,زاہدوں,1
3591,غزنوی,1
3592,ایاز,1
4260,اپناہی,1
4259,زراپرنکل,1
4257,اُمید,1
3593,آشنا,1
3597,لن,1
3589,گرمیاں,1
3598,ترانی,1
3599,بجھا,1
3600,بھری,1
4253,مآل,1
3602,فضائیں,1
3603,سیکڑوں,1
3590,شوخیاں,1
3588,عفو,1
3605,قناعت,1
3579,خروش,1
3574,اسکی,1
3575,پلے,1
4266,سیکھ,1
4265,اُڑنا,1
3577,جبین,1
3578,آشنائے,1
3580,سرود,1
4261,ہواؤں,1
4264,چاہئیے,1
3582,طوف,1
3583,کرمک,1
4263,اگرپرندوں,1
4262,وفاکرتے,1
3585,حکایت,1
4252,ملوک,1
4251,فیصلہ,1
3569,ھمزہ,1
4227,باتوں,1
4234,آزری,1
4233,مردوکوزندہ,1
4232,ھنر,1
4231,ھی,1
4230,جگانے,1
4229,لوگوں,1
4226,چھپی,1
4236,وھاں,1
4225,نصیحت,1
4223,احسان,1
4219,وھ,1
4218,کرسکا,1
4217,کوئ,1
4216,داستاں,1
4235,نظام,1
3616,روحِ,1
4250,پروری,1
4243,بنتا,1
4249,جنھیں,1
4248,خواجگی,1
3608,مقامات,1
4247,کافری,1
4246,امیدیں,1
4245,قیصری,1
3611,زمان,1
3615,غیّور,1
4242,ملکر,1
4241,چاھے,1
4239,ھستی,1
4238,جات,1
4237,بتکدے,1
3614,فقرِ,1
3572,سیکھا,1
3568,الشعرا,1
4214,معراج,1
3533,ربا,1
3529,فگاروں,1
3530,شرح,1
4292,کواکب,1
4291,راہگزر,1
3531,مشکبو,1
3532,ٹکرائیں,1
3534,تلاش,1
3528,محتسب,1
3535,سنے,1
3536,سنائیں,1
3537,گلے,1
4290,نگاھیں,1
4289,کنارے,1
3540,سنائیو,1
4294,نبوت,1
4295,ھدایت,1
3542,محتسبو,1
4302,جوانوں,1
4304,ھوے,1
3521,نکھار,1
3522,سرفروشی,1
3523,لاد,1
4303,بھٹکے,1
3524,کاندھے,1
3525,جانیے,1
4296,درخشاں,1
4301,پہچاں,1
4300,پکارے,1
3526,آس,1
4299,منزلوں,1
3527,لائے,1
4297,اتارے,1
3541,آشفتہ,1
3543,آئیو,1
4268,بنااُڑے,1
4273,فراز,1
4276,قیدنہیں,1
4275,کوکوئی,1
3558,ہمزہ,1
4274,اُڑتے,1
3560,مارکہ,1
3561,معجزوں,1
3562,عزم,1
3556,اشعرا,1
4272,گِرادے,1
3563,لحد,1
3564,آسکھوں,1
4271,جومقام,1
3565,آرہوں,1
4270,برترہے,1
4277,کرسکتافراز,1
4278,جواپنے,1
3544,دامنی,1
3550,چِھن,1
3545,جائیو,1
4288,اتباع,1
4287,لاحق,1
4286,خطرات,1
3548,وضو,1
3549,التجا,1
4284,شرارے,1
4279,خودہی,1
3551,الم,1
4283,بجھتے,1
4282,جلتے,1
4281,ارتفاع,1
3553,گِلہ,1
3554,عہدِ,1
4215,عظمت,1
4213,نےاردو,1
3752,فقیران,1
3719,شرع,1
3716,کھویا,1
4146,طہٰ,1
3717,ہفتاد,1
4145,یٰسیں,1
4144,فرقاں,1
4143,سینا,1
4142,مولائے,1
4148,غواصی,1
4141,الرسل,1
4140,سبل,1
3722,الافلاک,1
4139,دانائے,1
4138,بستم,1
3724,فرزانہ,1
4147,سنائیؔ,1
3714,آسودگئ,1
4137,دولتے,1
3707,فرہنگ,1
4159,گندم,1
3704,تجسس,1
4158,لالۂ,1
4156,پیرو,1
4155,تابانی,1
4154,کوکب,1
4153,ترجماں,1
3713,طولانی,1
3709,توبہ,1
4152,قرآن,1
3711,انبار,1
4151,محمد,1
4150,لالا,1
4149,لولوئے,1
3725,نمناک,1
3726,رمزیں,1
4161,غوریؔ,1
4123,سمندر,1
3741,مہجوری,1
3742,دوری,1
4125,ہوگئے,1
3744,پیدائی,1
4124,فن,1
3745,بینائی,1
3746,مستوری,1
4126,اکسیر,1
4122,امروز,1
3748,منطق,1
4121,بینا,1
4120,حر,1
4119,بصیرت,1
4118,غلاموں,1
3740,بدلتا,1
4127,سختی,1
4136,پرویں,1
3734,سینوں,1
4135,پروا,1
4134,آستان,1
3730,پیران,1
3731,مجبوری,1
3732,صلہ,1
3733,کد,1
3735,نوری,1
4128,خارا,1
4132,چنگاری,1
3737,جھکتی,1
4131,بیضا,1
3738,فغفوری,1
4130,ید,1
4129,فرعون,1
4160,ایبکؔ,1
3702,چیتے,1
4212,انہوں,1
4185,کشاید,1
4190,محنت,1
4189,بدل,1
3666,زنداني,1
4188,سوچیں,1
4187,چو,1
4186,سیمائے,1
3670,تنقيد,1
4193,بتایا,1
3671,بنياد,1
3672,گھڑي,1
3673,پيش,1
4184,کوہسارا,1
4183,آغوشِ,1
3674,آيہ,1
4191,تشکیل,1
4194,غوروفکر,1
4182,کرد,1
4204,جائز,1
4211,راج,1
4210,انکی,1
4208,کےبارے,1
4207,فراست,1
4206,جیسی,1
4205,قبول,1
4203,کریم,1
4195,بےنام,1
4202,دعاگو,1
4201,بےچین,1
4200,پڑھنے,1
4199,ذات,1
4198,بیٹھوں,1
4197,لکھنے,1
3675,يخلف,1
3676,الميعاد,1
3701,جفاکش,1
3694,ايک,1
4173,گرا,1
4172,تکمہ,1
3690,تفاوت,1
4171,گمنام,1
4169,کرن,1
3693,اسي,1
4167,پڑ,1
4174,سورج,1
4166,اُڑ,1
3696,شاہيں,1
4165,کاشانۂ,1
3698,سلمان,1
4163,خسروؔ,1
4162,معرکے,1
3689,معاني,1
3687,کبريا,1
3677,لسان,1
3683,ابتدا,1
4181,گہوارۂ,1
3678,العصر,1
3679,پيغام,1
3680,وعد,1
3681,خردمندوں,1
4180,مرغزار,1
4179,برگیبانِ,1
3686,سمجھاتا,1
3684,رہتا,1
3685,مجذوب,1
4178,رود,1
4177,می,1
4176,مستانہ,1
4175,بنگر,1
3128,مُدّعا,1
0,بازیچۂ,1
3126,راھگزر,1
1722,آبگینہ,1
1698,پیٹھ,1
1700,قبلے,1
1702,رہتی,1
1708,معمورِ,1
1709,کشی,1
1712,فریبِ,1
1713,صنعتِ,1
1715,اثرِ,1
1723,وفورِ,1
3124,نیرنگِ,1
1724,رہبر,1
1725,ڈھونڈھنا,1
1726,جرس,1
1727,ناقوس,1
1728,تختۂ,1
1732,مانوس,1
1733,زانوئے,1
1734,تامل,1
1695,سفلہ,1
1694,فلکِ,1
1693,آزردگاں,1
1690,رنجش,1
1652,فرقتِ,1
1655,بسانِ,1
1658,پُر,1
1663,طفلِ,1
1666,موقوف,1
1668,نگاریاں,1
1672,صفائے,1
1673,خجل,1
1674,زشت,1
1675,رویوں,1
1677,تابی,1
1681,حسابِ,1
1682,ناکیہائے,1
1683,آمدورفتِ,1
1684,پیمائی,1
1687,پاداشِ,1
1688,امروزِ,1
1735,جلو,1
1744,رخِ,1
1747,سردِ,1
1780,رفتگی,1
1782,تعبیرِ,1
1789,بالیدن,1
1792,انتخاب,1
1793,اٹھنا,1
1794,قامتوں,1
1796,لباسِ,1
1798,بالیدنِ,1
1799,مضمونِ,1
1801,نازِ,1
1802,اٹھایئے,1
1803,مصیبت,1
1805,ہونی,1
1806,قباے,1
1809,لائق,1
1810,غَمِ,1
1814,دیوان,1
1816,کشمیر,1
1781,گلزارِ,1
1779,مشق,1
1750,خواہشِ,1
1778,کاشانہ,1
1751,سببِ,1
1752,گفت,1
1753,دَامانِ,1
1755,افشاندہ,1
1757,باطنِ,1
1758,دیگر,1
1760,ناخواندہ,1
1761,غلطیہائے,1
1762,عزیزاں,1
1764,عار,1
1766,نسبوں,1
1767,جوئیِ,1
1770,سببوں,1
1771,غصۂ,1
1772,فرصتیِ,1
1773,کاٹے,1
1774,تَعبوں,1
1648,ہنِ,1
1646,خلعت,1
1645,بافِ,1
1448,غالبِ,1
1461,احتیاط,1
1462,رُکنے,1
1466,پرسشِ,1
1467,جراحتِ,1
1469,سامانِ,1
1470,ہوۓ,1
1471,بهر,1
1473,سازِ,1
1474,طرازیِ,1
1475,دَاماں,1
1476,باہم,1
1477,دِکر,1
1478,دیده,1
1479,نظّاره,1
1480,سَاماں,1
1481,دِل,1
1483,کوۓ,1
1460,وضعِ,1
1447,بھرا,1
1493,دوڑے,1
1446,بغض,1
1416,زمامِ,1
1417,ناقہ,1
1422,حسینِ,1
1423,ریگِ,1
1424,تفتۂ,1
1425,گام,1
1427,طالبانِ,1
1429,امامِ,1
1430,عناد,1
1431,پیادہ,1
1432,چلیں,1
1435,دشمنِ,1
1436,لڑے,1
1437,یزید,1
1438,پایہ,1
1440,مانیۓ,1
1442,بُرائی,1
1487,کده,1
1497,نِگاه,1
1644,خریرِ,1
1552,درو,1
1613,طرفِ,1
1614,کُلہ,1
1620,نہں,1
1621,دیکھتا,1
1623,بیداری,1
1624,ذلیخا,1
1625,کامجھے,1
1626,نکما,1
1627,بھڑے,1
1629,اسنے,1
1634,ھائے,1
1635,کھتے,1
1636,خلل,1
1638,کامزہ,1
1641,نادان,1
1642,خواھش,1
1643,نھیں,1
1554,شکل,1
1551,اگ,1
1499,دلدار,1
1550,بڑھتا,1
1500,کهولنا,1
1501,نزرِ,1
1512,نِگاہ,1
1513,گُلستاں,1
1517,منّتِ,1
1518,ڈهونڈتا,1
1520,تصّورِ,1
1522,چهیڑ,1
1524,تہیّہ,1
1526,سونے,1
1533,اذیت,1
1539,لئیم,1
1540,گنج‌ہاۓ,1
1542,مایہ,1
1544,جوابا,1
1545,روٹھ,1
1546,اتنے,1
1817,بلبلِ,1
1818,مسکیں,1
1819,زلیخائی,1
1994,خشک,1
1996,نسبی,1
1998,خریص,1
2000,لبی,1
2001,برگِ,1
2002,سمن,1
2003,ریزۂ,1
2004,حلبی,1
2007,اَبرِ,1
2011,سفالی,1
2013,خر,1
2014,منعم,1
2015,نامرد,1
2016,افگنِ,1
2017,میدانِ,1
2018,قالی,1
2021,صورتیں,1
2023,رنگا,1
1995,دعویِ,1
1993,ادبی,1
2025,نگارِ,1
1991,گدایاں,1
1961,جحیم,1
1962,کلفتِ,1
1963,ماسوا,1
1965,مَاو,1
1966,تُو,1
1967,اَوّلِ,1
1968,درسِ,1
1969,سیاقِ,1
1973,برائی,1
1974,آؤں,1
1977,علاوہ,1
1978,عید,1
1981,کوچۂ,1
1982,میخانہ,1
1983,نامراد,1
1989,بجانِ,1
1990,نقص,1
2024,آرائیاں,1
2026,بنات,1
1959,امیدوار,1
2054,غزلخواں,1
2056,کوتاہیِ,1
2057,روکا,1
2058,ابھریں,1
2060,آہیں,1
2061,بخیۂ,1
2062,گالیوں,1
2066,صرفِ,1
2068,لکیریں,1
2070,موّحد,1
2076,خوگر,1
2077,انساں,1
2078,مشکلیں,1
2079,پڑیں,1
2080,روتا,1
2084,درخور,1
2085,اشکِ,1
2089,برنگِ,1
2055,نگاہیں,1
2053,نالے,1
2027,النعشِ,1
2051,بلبلیں,1
2029,یعقوب,1
2030,لی,1
2032,روزنِ,1
2034,زنانِ,1
2036,زلیخا,1
2037,ماہِ,1
2038,کنعاں,1
2039,بہنے,1
2040,شمعیں,1
2041,فروزاں,1
2042,انِ,1
2043,زادوں,1
2045,انتقام,1
2046,قدرتِ,1
2048,راتیں,1
2049,زلفیں,1
2050,دبستاں,1
1960,گہہ,1
1958,ثمر,1
1820,یوسفِ,1
1854,اکشادہ,1
1857,شبنمِ,1
1858,خرشید,1
1861,تازِ,1
1864,بریدہ,1
1865,وبالِ,1
1867,بختِ,1
1868,رمیدہ,1
1869,نگہہ,1
1870,معمارِ,1
1874,دامانِ,1
1875,یاسِ,1
1876,امیدِ,1
1877,آزادی,1
1878,گدازِ,1
1879,آبیارِ,1
1883,مغرور,1
1885,کردہ,1
1856,عبث,1
1853,آفریدہ,1
1889,دوالی,1
1852,عندلیبِ,1
1821,فطرتیِ,1
1824,بلندیِ,1
1826,امتحانِ,1
1828,لیلیِ,1
1829,محمل,1
1830,نشینِ,1
1831,افروزیِ,1
1832,ایما,1
1833,چشمک,1
1834,آرائیِ,1
1836,شوریدہ,1
1837,پاسِ,1
1840,منتِ,1
1842,دکھائیو,1
1845,گلستانِ,1
1847,عذارانِ,1
1851,سنج,1
1887,عضوِ,1
1891,محل,1
1954,تیرنگِ,1
1922,تاثیریں,1
1924,عزلت,1
1925,آبادِ,1
1927,قیمتِ,1
1929,ایذا,1
1930,خوردنِ,1
1932,لختِ,1
1934,بشکستہ,1
1938,سیلابی,1
1939,بادشاہی,1
1940,ناچیز,1
1941,نوّابی,1
1943,بندیِ,1
1944,پرنم,1
1945,نازکیِ,1
1946,انصاف,1
1948,ضعیف,1
1953,شانہ,1
1923,منزلت,1
1918,عروجِ,1
1892,مجلس,1
1916,تعبیریں,1
1893,آرائے,1
1895,آسایشِ,1
1896,اربابِ,1
1897,نصیبِ,1
1898,خانمانِ,1
1899,جبریانِ,1
1900,گنہ,1
1901,تفصیر,1
1903,باطل,1
1907,پرِ,1
1908,کھینچی,1
1909,تصویریں,1
1911,لوحی,1
1912,پنبۂ,1
1913,گوشِ,1
1914,حریفاں,1
1915,افسانے,1
1413,حُسنِ,1
1412,دَیں,1
1409,ذرّۂ,1
714,رخسار,1
723,سواد,1
724,جلوۂ,1
728,سےرکھ,1
729,محروم,1
730,بدقسمت,1
731,پہلےبقاوسلامتی,1
732,سےدور,1
734,بےضابطہ,1
735,ومن,1
736,مانی,1
737,آئینی,1
738,ردوبدل,1
739,کرکے,1
740,باقیات,1
742,مطابق,1
743,چکناچور,1
751,دردمند,1
721,کشتوں,1
712,ظہور,1
758,بلب,1
710,پروانۂ,1
625,لاتا,1
631,گنبد,1
638,ماتم,1
645,دادۂ,1
668,فال,1
674,وفاۓ,1
680,گرگ,1
685,دینے,1
686,کتنا,1
687,قاصد,1
688,ماریے,1
690,قصور,1
695,مختصر,1
700,نگۂ,1
702,پارہ,1
707,تخلص,1
708,صبور,1
755,کمند,1
759,زنجیری,1
616,بلاؤں,1
853,تماشائی,1
863,تاختن,1
874,عصاۓ,1
891,سیلئ,1
899,آں,1
902,چاکی,1
903,دہان,1
907,سطر,1
909,برنگ,1
910,خمیازۂ,1
911,رم,1
913,امن,1
917,مژۂ,1
921,زندہ,1
922,روشناس,1
924,چور,1
925,جاوداں,1
926,مبتلائے,1
854,وحدت,1
851,وام,1
766,آنکھوں,1
850,حاسد,1
767,کشور,1
770,بلکہ,1
775,گزند,1
777,خندۂ,1
781,پردا,1
782,فراغت,1
791,زندان,1
804,مژہ,1
808,طعمہ,1
825,تاراج,1
829,رہن,1
831,گزیر,1
836,بقدر,1
841,دریاۓ,1
845,گشتۂ,1
847,چرایا,1
849,نگاۂ,1
621,رہوں,1
614,بستر,1
936,فراہم,1
201,بوالہوس,1
239,تمہیں,1
242,کرشمہ,1
253,آموزی,1
255,چپک,1
259,پیراہن,1
266,جسم,1
272,کریدتے,1
273,راکھ,1
275,رگوں,1
276,دوڑتے,1
277,پھرنے,1
278,قائل,1
280,ٹپکا,1
286,گلفام,1
287,مشک,1
289,پیوں,1
297,کوزہ,1
222,جاؤ,1
132,مشرب,1
309,اتراتا,1
115,قلزم,1
12,کھیل,1
13,اورنگ,1
15,نزدیک,1
17,اعجاز,1
18,مسیحا,1
27,ہستیٔ,1
28,اشیا,1
34,گھستا,1
54,خودبین,1
63,سیما,1
68,افشانیٔ,1
81,گزرا,1
87,روکے,1
94,معشوق,1
101,کہتی,1
102,لیلیٰ,1
114,موجزن,1
307,مصاحب,1
323,جھوٹ,1
613,لپٹا,1
506,عشوہ,1
518,نثار,1
523,مفت,1
534,نہنگ,1
538,عاشقی,1
548,سات,1
549,بھاری,1
555,خور,1
559,عنایت,1
565,گرمیٔ,1
573,شاہنشاہ,1
577,رکھیو,1
579,گنجینۂ,1
582,رخشندہ,1
583,منظر,1
589,کھاؤں,1
598,بھید,1
611,جتنے,1
509,عنبریں,1
500,موجود,1
381,تصوف,1
494,زبان,1
419,جاوگے,1
422,خواہشیں,1
426,ارمان,1
436,بدم,1
437,نکلنا,1
440,سنتے,1
442,بھرم,1
444,ظالم,1
447,طرۂ,1
457,منسوب,1
459,آشامی,1
466,خستگی,1
468,پانے,1
470,خستۂ,1
489,مشتاق,1
492,الٰہی,1
493,ماجرا,1
932,کوشش,1
940,شامت,1
1408,کیمیا,1
1274,مکیں,1
1290,جذبۂ,1
1291,اختیار,1
1292,چاہئے,1
1304,آتشیں,1
1305,نیرنگ,1
1306,صید,1
1310,افسون,1
1312,نعل,1
1314,پشت,1
1317,قالب,1
1320,آئینۂ,1
1325,جسارت,1
1326,مِنت,1
1328,اخلاص,1
1329,تعلق,1
1330,ہونہیں,1
1332,شدتِ,1
1277,سائل,1
1272,طرفہ,1
1335,پھردھڑکنےکاحوصلہ,1
1271,دادن,1
1218,بیگانۂ,1
1220,سنبلستاں,1
1221,سری,1
1223,رویاں,1
1224,انگشت,1
1225,حنائی,1
1227,پرفشاں,1
1229,آسا,1
1247,دوسرا,1
1248,امکاں,1
1251,خجلت,1
1254,کارخانۂ,1
1255,طفلی,1
1259,باج,1
1260,تسکیں,1
1262,خصم,1
1270,کوچہ,1
1333,رکا,1
1337,اونچا,1
1214,دکان,1
1376,بخششِ,1
1379,شافعِ,1
1382,مسیح,1
1383,اخذِ,1
1384,فیضِ,1
1388,ماتمیوں,1
1389,سلسبیل,1
1390,سبیل,1
1393,کربلا,1
1394,سمعِ,1
1396,جگہ,1
1397,پاۓ,1
1398,جنّ,1
1399,انس,1
1400,ملَک,1
1402,پایۂ,1
1403,گردِ,1
1406,قدرِ,1
1377,اُمّت,1
1375,کفیلِ,1
1338,کھینچنے,1
1374,کبریا,1
1340,سےگلا,1
1341,ڈھونڈتےہو,1
1345,ہٹ,1
1346,کھڑا,1
1348,ڈٹ,1
1349,سلام,1
1350,بادشا,1
1354,بادشاہ,1
1356,خامسِ,1
1357,آلِ,1
1358,عبا,1
1359,شاہی,1
1360,خسروی,1
1362,رہبرِ,1
1365,خداوندگار,1
1370,ابنِ,1
1373,انجمنِ,1
1216,کجا,1
1213,عاشقاں,1
944,تنگنائے,1
1002,ریشہ,1
1007,تخم,1
1011,جلوے,1
1012,خورشید,1
1013,شبنمستاں,1
1017,ہیولیٰ,1
1018,دہقاں,1
1019,اگا,1
1022,مدار,1
1023,کھودنے,1
1024,گھاس,1
1026,خموشی,1
1029,آرزوئیں,1
1032,غریباں,1
1034,حجرہ,1
1038,سوتے,1
1044,سرشک,1
1045,آلودہ,1
1004,دکھاؤں,1
1001,تنکا,1
1051,وجہ,1
1000,دانتوں,1
951,تجمل,1
953,خاں,1
956,نطق,1
957,بوسے,1
958,نصیر,1
962,چرخ,1
963,بریں,1
964,محو,1
966,بنیں,1
976,خاص,1
979,صلائے,1
981,یاران,1
984,زاہد,1
988,خودوں,1
992,قطرۂ,1
995,مرجاں,1
996,سطوت,1
1048,شیرازہ,1
1054,شرمندۂ,1
1212,خانمان,1
1117,ڈالی,1
1119,بیدل,1
1133,مجموعۂ,1
1143,لاش,1
1154,تنگئ,1
1159,مائدۂ,1
1163,نوآموز,1
1166,گریہ,1
1169,کارخانے,1
1170,آدھ,1
1171,سرشار,1
1172,ذرۂ,1
1174,کھٹکتا,1
1176,سویداۓ,1
1183,پشیماں,1
1185,سبز,1
1186,بینیٔ,1
1191,لینے,1
1118,ایجادی,1
1113,رفتن,1
1060,زمرد,1
1112,تحاشا,1
1067,تقوی,1
1072,گلبانگ,1
1073,محرومیٔ,1
1076,صدمۂ,1
1079,عیسی,1
1080,رقم,1
1082,صفحۂ,1
1084,طوطی,1
1089,ممنون,1
1092,سبحہ,1
1093,مرغوب,1
1095,تماشاۓ,1
1097,بردن,1
1105,عقدۂ,1
1107,مہری,1
1108,غلتیدن,1
1109,روانی,1
2093,کاوشہائے,1
2094,نگینِ,1
2095,نامِ,1
2785,گوارہ,1
2787,انھیں,1
2788,نہانی,1
2790,پرواہ,1
2791,نہیںکرتے,1
2792,تومیدی,1
2793,ارباب,1
2798,چکّر,1
2799,دوڑائے,1
2800,کوکہ,1
2801,جادہ,1
2802,نگہِ,1
2803,دیدۂِ,1
2805,رنجِ,1
2806,میدیِ,1
2808,رہیو,1
2809,زبونی,1
2810,کھجاتا,1
2786,درپردہ,1
2784,گلہاے,1
2812,رخصتِ,1
2783,درکار,1
2759,دشمنی,1
2760,منفعل,1
2761,مشکیں,1
2764,غزال,1
2765,آفاق,1
2767,آجائیو,1
2769,لاؤں,1
2770,کہیںجسے,1
2772,ِخیال,1
2773,پھونکا,1
2774,ھےکس,1
2775,نےگوش,1
2776,ِمحبت,1
2777,افسونِ,1
2780,ڈالیے,1
2781,مشتِ,1
2782,گیختہ,1
2811,اندازۂِ,1
2816,بجُز,1
2756,لال,1
2838,ریـزئ,1
2840,پُوچھ,1
2841,شگفتگی,1
2842,گُلِ,1
2843,خزانیِ,1
2844,بالینِ,1
2845,بدگمانیِ,1
2846,مُژدہ,1
2847,ذَوقِ,1
2850,قفَسِ,1
2851,مُرغِ,1
2852,گِرفتار,1
2853,جگرِ,1
2854,جُوئے,1
2855,خُوں,1
2856,بہائی,1
2857,بُنِ,1
2858,مُند,1
2839,پرفشانیِ,1
2837,اہتــزاز,1
2817,خجلتِ,1
2836,رُوح,1
2818,عقیدہ,1
2819,بقولِ,1
2820,ناسخ,1
2821,بہرہ,1
2822,معتقدِ,1
2823,رُخِ,1
2824,جاودانیِ,1
2825,زندگانیِ,1
2826,مرگِ,1
2827,خاموشی,1
2828,زبانیِ,1
2829,صِرف,1
2830,ایمائے,1
2832,فسانہ,1
2833,خوانیِ,1
2834,لرزنے,1
2835,ناتوانیِ,1
2758,نخواستہ,1
2755,نہائے,1
2862,عاشقِ,1
2650,اجزا,1
2653,رہگزارِ,1
2655,ارم,1
2656,آشفتگاں,1
2657,خالِ,1
2658,کنجِ,1
2659,یکھتے,1
2660,قّدِ,1
2661,فتنے,1
2662,سُراغِ,1
2663,تَفِ,1
2666,بھیس,1
2668,مدّعا,1
2670,دارِ,1
2672,رسا,1
2673,ڈھونڈھا,1
2675,تسکینِ,1
2677,مجالِ,1
2651,آفرینش,1
2649,آمادہ,1
2679,دِکھا,1
2648,بارے,1
2629,خُو,1
2630,جھکا,1
2632,لٹتا,1
2633,سوتا,1
2634,چوری,1
2635,رہزن,1
2636,جواہر,1
2637,کھودیں,1
2638,معدن,1
2639,شاہِ,1
2640,جاہ,1
2641,فریدون,1
2642,کیخسرو,1
2643,داراب,1
2644,بہمن,1
2645,ک,1
2646,لگ,1
2678,لگاوٹ,1
2680,پلا,1
2754,زبا,1
2705,جاگنے,1
2731,خرابات,1
2732,بھَوں,1
2733,قبلۂِ,1
2734,حاجات,1
2736,مکافات,1
2737,تلافیِ,1
2738,مافات,1
2739,سیکھے,1
2740,رخوں,1
2741,مصوّری,1
2742,تقریب,1
2744,گونہ,1
2745,نسریں,1
2747,اخفائے,1
2749,سمجھنی,1
2750,محال,1
2753,وخرج,1
2708,کیساتھ,1
2704,حیف,1
2681,اوک,1
2703,قیامِ,1
2682,کہوے,1
2683,مرادِ,1
2684,پُھول,1
2686,داب,1
2687,لبوں,1
2688,آجاۓ,1
2690,تمنّا,1
2691,مایوسی,1
2692,ملو,1
2693,ہرزہ,1
2694,روادارِ,1
2695,ہودہ,1
2696,دورِ,1
2697,نمط,1
2698,مسرت,1
2699,نموئے,1
2701,لگاؤ,1
2861,خُوب,1
2863,بیمار,1
2627,شہادت,1
3003,رہینِ,1
3005,ہواے,1
3006,کشتِ,1
3007,ڈرتا,1
3008,نہیںرہا,1
3022,نِدا,1
3023,آبیٹھے,1
3024,آبیٹھی,1
3025,جذبات,1
3026,واقف,1
3029,بازیِ,1
3030,ہارے,1
3032,شاہوں,1
3033,چوکھٹ,1
3035,لیتے,1
3036,رچا,1
3037,سانسوں,1
3039,نواہائے,1
3004,ستمہائے,1
3001,نقابِ,1
3042,ڈوبتی,1
3000,دیئے,1
2982,ناوکِ,1
2983,عکسِ,1
2984,قیدِ,1
2985,الہوس,1
2986,غرورِ,1
2987,حجابِ,1
2989,بیوفا,1
2990,امّید,1
2991,ثوابِ,1
2992,قابل,1
2993,خورِ,1
2994,شایانِ,1
2995,بازوےٴ,1
2996,روئے,1
2997,امتیازِ,1
2998,ناقص,1
2999,کامل,1
3041,مجبوریاں,1
3044,ساتھی,1
2980,تصوّف,1
3099,الِف,1
3102,شرحِ,1
3103,گرفتاریٴ,1
3105,عجزسے,1
3106,نبضِ,1
3107,سوزاں,1
3108,سفرِ,1
3109,راحت,1
3111,سائے,1
3112,شبستان,1
3113,گریزاں,1
3114,مژہٴ,1
3115,دفعِ,1
3116,پیکانِ,1
3117,وفادار,1
3118,غلطی,1
3120,لڑائی,1
3122,تشنہٴ,1
3100,صقیلِ,1
3098,ربطیٴ,1
3045,مقرر,1
3097,مکتوب,1
3051,جمائے,1
3052,سرکتا,1
3053,مُدّت,1
3054,کدہ,1
3056,فُرصت,1
3057,تصوّرِ,1
3058,چھیڑ,1
3059,تہیّۂِ,1
3061,نیکیوں,1
3075,مجموعہ,1
3085,قطرہٴ,1
3086,رشتہٴ,1
3087,اعتبارِ,1
3088,تنگی,1
3089,َوَرع,1
3090,رِضواں,1
3096,چینِ,1
2981,جمالِ,1
2979,مسائلِ,1
2864,مَیں,1
2896,ساغرِ,1
2899,خوارِ,1
2900,رسائی,1
2901,پیامِ,1
2902,ضعفِ,1
2903,سَر,1
2904,حدیثِ,1
2905,عنبر,1
2908,پاتا,1
2909,ہنس,1
2910,شوخئ,1
2911,گفتارِ,1
2912,مہربانی,1
2913,سپاسِ,1
2914,آزارِ,1
2915,آتی,1
2916,ہےآپ,1
2917,ردیف,1
2897,تکلّف,1
2895,ما,1
2919,چيں,1
2894,بیمارِ,1
2866,مرتا,1
2869,مِرے,1
2870,دَہَنِ,1
2871,کھڑے,1
2872,ہوجیے,1
2873,خُوبانِ,1
2874,نُمو,1
2875,خُود,1
2877,پھوڑ,1
2878,وحشی,1
2879,دِیوار,1
2880,آمدِ,1
2881,سرد,1
2884,رخسارِ,1
2885,ناعاقبت,1
2889,سازئ,1
2892,رفتۂ,1
2918,تکرارِ,1
2922,بنائے,1
2978,بُو,1
2957,زارِ,1
2959,ذاقِ,1
2961,رمِ,1
2962,آہو,1
2964,جستجوۓ,1
2965,ربطِ,1
2966,درمانِ,1
2967,ریشِ,1
2968,مرہمِ,1
2969,زنگار,1
2970,وسمۂ,1
2971,ابرو,1
2972,جور,1
2973,خوبرویوں,1
2974,بنایا,1
2975,جُھوٹ,1
2976,تیرِ,1
2977,غرقِ,1
2958,برسرِ,1
2954,طوطئِ,1
2924,بلاتا,1
2953,مردمک,1
2925,جذبہ,1
2926,ايسي,1
2927,کھيل,1
2928,کہيں,1
2931,بھي,1
2932,ميرے,1
2933,غير,1
2936,کوئي,1
2938,نزاکت,1
2939,بھلے,1
2940,ہيں,1
2941,آويں,1
2942,انہيں,1
2944,گري,1
2946,ديکھوں,1
2947,چاہوں,1
2951,بجھائے,1
2628,جودی,1
2625,گاڑو,1
2098,گستری,1
2263,بسایا,1
2267,دیتِ,1
2269,بیدلؔ,1
2270,جگایا,1
2273,پیرایۂ,1
2274,فسردگی,1
2275,فریادِ,1
2276,دلاں,1
2283,پرستی,1
2284,جبینِ,1
2286,طلسمِ,1
2287,خست,1
2288,ساقیِ,1
2289,کوثر,1
2290,گستاخیِ,1
2291,فرشتہ,1
2293,نکلنے,1
2294,لگتی,1
2265,لگایا,1
2261,اخلاقِ,1
2297,سمائی,1
2260,طعنوں,1
2231,سنجِ,1
2234,سبک,1
1,اطفال,1
2237,لاوے,1
2239,پھوڑنا,1
2240,ٹھہرا,1
2241,سنگِ,1
2242,رودادِ,1
2244,ہمدم,1
2248,بتلاؤ,1
2250,جذبِ,1
2253,کھینچو,1
2254,درمیاں,1
2255,آزمانا,1
2256,ستانا,1
2257,ملنے,1
2258,کہیو,1
2296,سماع,1
2300,رخشِ,1
2229,مشاطۂ,1
2330,برطرف,1
2332,زندانِ,1
2333,تحمل,1
2334,مہمانِ,1
2336,واے,1
2337,فسردہ,1
2339,حَلِ,1
2340,معماے,1
2343,مشتاقِ,1
2344,پندارِ,1
2346,کہلاؤ,1
2352,علائیؔ,1
2353,لکھوائی,1
2354,گرِ,1
2355,بدی,1
2356,بگڑ,1
2359,مژدۂ,1
2361,مذکور,1
2331,بہتر,1
2328,موقوفِ,1
2301,تھمے,1
2327,بوتراب,1
2302,باگ,1
2303,پاہے,1
2304,رکاب,1
2306,جتنا,1
2308,مشہود,1
2310,مشاہدہ,1
2311,مشتمل,1
2312,نمودِ,1
2313,صُوَر,1
2314,وجودِ,1
2316,اداے,1
2319,پیشِ,1
2320,آینہ,1
2323,جاگے,1
2324,ندیمِ,1
2325,مشغولِ,1
2326,بندگیِ,1
2230,پیرایہ,1
2227,شفق,1
2363,ہستیِ,1
2127,موسمِ,1
2130,وقفِ,1
2131,سودائے,1
2132,خیز,1
2134,ستوں,1
2135,گرانِ,1
2138,گلگونِ,1
2139,نکہت,1
2140,سوار,1
2141,شکستِ,1
2142,مہمیز,1
2143,حسد,1
2145,نظاّرہ,1
2148,بھروں,1
2151,ہفت,1
2154,شکلِ,1
2156,کاہلی,1
2157,حاصلی,1
2129,پیماں,1
2126,ویرانہ,1
2160,عاملی,1
2125,گنج,1
2099,شبستاں,1
2100,دیواروں,1
2101,نکوہش,1
2103,خندۂ,1
2105,وَش,1
2109,نیک,1
2110,مخالف,1
2111,گلخن,1
2113,زندانیِ,1
2114,تاثیرِ,1
2115,خوباں,1
2116,نوازش,1
2118,سَرو,1
2120,دیوانگاں,1
2121,حاملِ,1
2123,نہانِ,1
2124,تمیز,1
2159,دِیہ,1
2161,پدر,1
2225,دولتِ,1
2196,پڑوں,1
2199,ٹوٹ,1
2200,زن,1
2201,بھاگے,1
2202,دابتے,1
2203,راہزن,1
2204,مرہم,1
2207,سَوا,1
2208,فگار,1
2210,رے,1
2212,بعدِ,1
2213,ہلتے,1
2215,اڑتے,1
2216,الجھتے,1
2218,دکھتے,1
2220,پیتا,1
2221,دھو,1
2224,نگاہانِ,1
2198,ہیہات,1
2195,لگن,1
2163,بدر,1
2193,ضد,1
2164,قابلی,1
2165,وارستہ,1
2166,عداوت,1
2168,اختلاط,1
2169,تذکرۂ,1
2171,سبیلِ,1
2172,چارۂ,1
2174,کھنیچتا,1
2175,خجالت,1
2176,بجائے,1
2179,زبونیِ,1
2181,وارستگی,1
2182,بہانۂ,1
2183,بیگانگی,1
2184,مٹتا,1
2185,فوتِ,1
2190,دھوتا,1
2362,شاہدِ,1
2364,مطلق,1
2624,بتخانہ,1
2536,کوجے,1
2541,ریختہ,1
2543,فارسی,1
2544,گفتۂ,1
2547,جُز,1
2549,تقاضائے,1
2551,مزدوریِ,1
2552,عشر,1
2553,تگہِ,1
2556,نکو,1
2557,نامیِ,1
2558,بینش,1
2559,طوفانِ,1
2561,لطمۂ,1
2562,سیلیِ,1
2563,محرومیِ,1
2564,بدا,1
2566,تمکینِ,1
2539,محیطِ,1
2533,ظریف,1
2568,سَبَدِ,1
2529,برو,1
2501,تمھاری,1
2502,لٹاتا,1
2504,پہچانتا,1
2505,راہبر,1
2506,احمقوں,1
2507,پرستش,1
2508,پوجتا,1
2511,قیاس,1
2513,دلپذیر,1
2514,سوارِ,1
2515,سمندِ,1
2516,دیکھوں,1
2517,بہادرِ,1
2518,ناشگفتہ,1
2519,دکھا,1
2525,پیے,1
2527,آن,1
2567,گزرِ,1
2570,گلچیں,1
2497,نوحہ,1
2601,کارگر,1
2603,جانیں,1
2604,شیون,1
2605,سنجانِ,1
2606,ہمدمی,1
2608,خونچکاں,1
2609,شرمائے,1
2612,شناور,1
2613,جوے,1
2615,بننے,1
2616,کاں,1
2617,آہن,1
2618,کھیت,1
2619,آوے,1
2620,ڈھونڈے,1
2621,وفاداری,1
2622,بشرطِ,1
2623,استواری,1
2602,زبانوں,1
2600,بیانی,1
2571,مژدہ,1
2598,کھائے,1
2574,نفی,1
2577,تراوش,1
2578,جایے,1
2581,مہریِ,1
2582,طعنہ,1
2583,بھولا,1
2584,حقِ,1
2585,کنشت,1
2586,وانگبیں,1
2589,منحرف,1
2590,رسمِ,1
2591,ٹیڑھا,1
2592,قط,1
2593,قلمِ,1
2594,نوشت,1
2595,لہنا,1
2597,ملخ,1
2500,باندھیے,1
2496,پیٹوں,1
2366,تقلیدِ,1
2396,پتا,1
2399,جانگداز,1
2401,کشتی,1
2404,حجاج,1
2406,پکار,1
2407,زنِ,1
2410,ندیم,1
2411,ٹکڑے,1
2412,شامل,1
2414,حورو,1
2415,وہیں,1
2416,گھائل,1
2417,طُرفِ,1
2418,کلہ,1
2419,غنیمت,1
2421,نباہی,1
2422,نقل,1
2427,شہرۂ,1
2398,ناچار,1
2393,تکرار,1
2429,شمشیرِ,1
2389,مشہور,1
2367,تنک,1
2368,ظرفیِ,1
2369,منصور,1
2370,پرُ,1
2371,عربدہ,1
2372,گوں,1
2373,تنِ,1
2374,رنجور,1
2376,لینگے,1
2377,رعونت,1
2381,صاف,1
2382,دُردی,1
2383,افشردۂ,1
2384,انگور,1
2385,ظہوریؔ,1
2386,خفائی,1
2387,دعوے,1
2428,تیزیِ,1
2431,گردشِ,1
2495,روؤں,1
2461,سہل,1
2465,شوریدگی,1
2466,وَ,1
2468,گنجایشِ,1
2469,عداوتِ,1
2471,نوائے,1
2473,صفِ,1
2474,روکشی,1
2475,آنکہ,1
2476,خلشِ,1
2478,لڑتے,1
2481,ہشیار,1
2482,مزے,1
2484,تواں,1
2485,شمائل,1
2488,مجھی,1
2491,غارت,1
2493,سواے,1
2462,کٹ,1
2460,ملنا,1
2432,مدام,1
2459,چکے,1
2433,گھبرا,1
2436,مٹاتا,1
2437,لوحِ,1
2439,مکرر,1
2441,عقوبت,1
2442,گناہگار,1
2444,زَر,1
2445,رتبہ,1
2446,کمتر,1
2447,منعِ,1
2448,بوس,1
2450,برابر,1
2451,وظیفہ,1
2452,شاہ,1
2453,نوکر,1
2454,دیوانگی,1
2456,زناّر,1
4471,بدلی,1
